{
  "tdt:epcTagDataTranslation": {
    "version": "2.2",
    "date": "2024-11-18T16:30:00Z",
    "epcTDSVersion": "2.2",
    "scheme": {
      "name": "CPI-96",
      "optionKey": "gs1companyprefixlength",
      "tagLength": 96,
      "level": [
        {
          "type": "BINARY",
          "prefixMatch": "00111100",
          "requiredFormattingParameters": "filter,tagLength",
          "option": [
            {
              "optionKey": "12",
              "pattern": "^00111100([01]{3})000([01]{40})([01]{11})([01]{31})",
              "grammar": "'00111100' filter '000' gs1companyprefix comppartref cpiserial",
              "field": [
                {
                  "seq": 1,
                  "decimalMinimum": "0",
                  "decimalMaximum": "7",
                  "characterSet": "[01]*",
                  "bitPadDir": "LEFT",
                  "bitLength": 3,
                  "name": "filter",
                  "length": 1
                },
                {
                  "seq": 2,
                  "decimalMinimum": "0",
                  "decimalMaximum": "999999999999",
                  "characterSet": "[01]*",
                  "bitPadDir": "LEFT",
                  "bitLength": 40,
                  "name": "gs1companyprefix",
                  "length": 12
                },
                {
                  "seq": 3,
                  "decimalMinimum": "0",
                  "decimalMaximum": "999",
                  "characterSet": "[01]*",
                  "bitPadDir": "LEFT",
                  "bitLength": 11,
                  "name": "comppartref"
                },
                {
                  "seq": 4,
                  "decimalMinimum": "0",
                  "decimalMaximum": "2147483647",
                  "characterSet": "[01]*",
                  "bitPadDir": "LEFT",
                  "bitLength": 31,
                  "name": "cpiserial"
                }
              ]
            },
            {
              "optionKey": "11",
              "pattern": "^00111100([01]{3})001([01]{37})([01]{14})([01]{31})",
              "grammar": "'00111100' filter '001' gs1companyprefix comppartref cpiserial",
              "field": [
                {
                  "seq": 1,
                  "decimalMinimum": "0",
                  "decimalMaximum": "7",
                  "characterSet": "[01]*",
                  "bitPadDir": "LEFT",
                  "bitLength": 3,
                  "name": "filter",
                  "length": 1
                },
                {
                  "seq": 2,
                  "decimalMinimum": "0",
                  "decimalMaximum": "99999999999",
                  "characterSet": "[01]*",
                  "bitPadDir": "LEFT",
                  "bitLength": 37,
                  "name": "gs1companyprefix",
                  "length": 11
                },
                {
                  "seq": 3,
                  "decimalMinimum": "0",
                  "decimalMaximum": "9999",
                  "characterSet": "[01]*",
                  "bitPadDir": "LEFT",
                  "bitLength": 14,
                  "name": "comppartref"
                },
                {
                  "seq": 4,
                  "decimalMinimum": "0",
                  "decimalMaximum": "2147483647",
                  "characterSet": "[01]*",
                  "bitPadDir": "LEFT",
                  "bitLength": 31,
                  "name": "cpiserial"
                }
              ]
            },
            {
              "optionKey": "10",
              "pattern": "^00111100([01]{3})010([01]{34})([01]{17})([01]{31})",
              "grammar": "'00111100' filter '010' gs1companyprefix comppartref cpiserial",
              "field": [
                {
                  "seq": 1,
                  "decimalMinimum": "0",
                  "decimalMaximum": "7",
                  "characterSet": "[01]*",
                  "bitPadDir": "LEFT",
                  "bitLength": 3,
                  "name": "filter",
                  "length": 1
                },
                {
                  "seq": 2,
                  "decimalMinimum": "0",
                  "decimalMaximum": "9999999999",
                  "characterSet": "[01]*",
                  "bitPadDir": "LEFT",
                  "bitLength": 34,
                  "name": "gs1companyprefix",
                  "length": 10
                },
                {
                  "seq": 3,
                  "decimalMinimum": "0",
                  "decimalMaximum": "99999",
                  "characterSet": "[01]*",
                  "bitPadDir": "LEFT",
                  "bitLength": 17,
                  "name": "comppartref"
                },
                {
                  "seq": 4,
                  "decimalMinimum": "0",
                  "decimalMaximum": "2147483647",
                  "characterSet": "[01]*",
                  "bitPadDir": "LEFT",
                  "bitLength": 31,
                  "name": "cpiserial"
                }
              ]
            },
            {
              "optionKey": "9",
              "pattern": "^00111100([01]{3})011([01]{30})([01]{21})([01]{31})",
              "grammar": "'00111100' filter '011' gs1companyprefix comppartref cpiserial",
              "field": [
                {
                  "seq": 1,
                  "decimalMinimum": "0",
                  "decimalMaximum": "7",
                  "characterSet": "[01]*",
                  "bitPadDir": "LEFT",
                  "bitLength": 3,
                  "name": "filter",
                  "length": 1
                },
                {
                  "seq": 2,
                  "decimalMinimum": "0",
                  "decimalMaximum": "999999999",
                  "characterSet": "[01]*",
                  "bitPadDir": "LEFT",
                  "bitLength": 30,
                  "name": "gs1companyprefix",
                  "length": 9
                },
                {
                  "seq": 3,
                  "decimalMinimum": "0",
                  "decimalMaximum": "999999",
                  "characterSet": "[01]*",
                  "bitPadDir": "LEFT",
                  "bitLength": 21,
                  "name": "comppartref"
                },
                {
                  "seq": 4,
                  "decimalMinimum": "0",
                  "decimalMaximum": "2147483647",
                  "characterSet": "[01]*",
                  "bitPadDir": "LEFT",
                  "bitLength": 31,
                  "name": "cpiserial"
                }
              ]
            },
            {
              "optionKey": "8",
              "pattern": "^00111100([01]{3})100([01]{27})([01]{24})([01]{31})",
              "grammar": "'00111100' filter '100' gs1companyprefix comppartref cpiserial",
              "field": [
                {
                  "seq": 1,
                  "decimalMinimum": "0",
                  "decimalMaximum": "7",
                  "characterSet": "[01]*",
                  "bitPadDir": "LEFT",
                  "bitLength": 3,
                  "name": "filter",
                  "length": 1
                },
                {
                  "seq": 2,
                  "decimalMinimum": "0",
                  "decimalMaximum": "99999999",
                  "characterSet": "[01]*",
                  "bitPadDir": "LEFT",
                  "bitLength": 27,
                  "name": "gs1companyprefix",
                  "length": 8
                },
                {
                  "seq": 3,
                  "decimalMinimum": "0",
                  "decimalMaximum": "9999999",
                  "characterSet": "[01]*",
                  "bitPadDir": "LEFT",
                  "bitLength": 24,
                  "name": "comppartref"
                },
                {
                  "seq": 4,
                  "decimalMinimum": "0",
                  "decimalMaximum": "2147483647",
                  "characterSet": "[01]*",
                  "bitPadDir": "LEFT",
                  "bitLength": 31,
                  "name": "cpiserial"
                }
              ]
            },
            {
              "optionKey": "7",
              "pattern": "^00111100([01]{3})101([01]{24})([01]{27})([01]{31})",
              "grammar": "'00111100' filter '101' gs1companyprefix comppartref cpiserial",
              "field": [
                {
                  "seq": 1,
                  "decimalMinimum": "0",
                  "decimalMaximum": "7",
                  "characterSet": "[01]*",
                  "bitPadDir": "LEFT",
                  "bitLength": 3,
                  "name": "filter",
                  "length": 1
                },
                {
                  "seq": 2,
                  "decimalMinimum": "0",
                  "decimalMaximum": "9999999",
                  "characterSet": "[01]*",
                  "bitPadDir": "LEFT",
                  "bitLength": 24,
                  "name": "gs1companyprefix",
                  "length": 7
                },
                {
                  "seq": 3,
                  "decimalMinimum": "0",
                  "decimalMaximum": "99999999",
                  "characterSet": "[01]*",
                  "bitPadDir": "LEFT",
                  "bitLength": 27,
                  "name": "comppartref"
                },
                {
                  "seq": 4,
                  "decimalMinimum": "0",
                  "decimalMaximum": "2147483647",
                  "characterSet": "[01]*",
                  "bitPadDir": "LEFT",
                  "bitLength": 31,
                  "name": "cpiserial"
                }
              ]
            },
            {
              "optionKey": "6",
              "pattern": "^00111100([01]{3})110([01]{20})([01]{31})([01]{31})",
              "grammar": "'00111100' filter '110' gs1companyprefix comppartref cpiserial",
              "field": [
                {
                  "seq": 1,
                  "decimalMinimum": "0",
                  "decimalMaximum": "7",
                  "characterSet": "[01]*",
                  "bitPadDir": "LEFT",
                  "bitLength": 3,
                  "name": "filter",
                  "length": 1
                },
                {
                  "seq": 2,
                  "decimalMinimum": "0",
                  "decimalMaximum": "999999",
                  "characterSet": "[01]*",
                  "bitPadDir": "LEFT",
                  "bitLength": 20,
                  "name": "gs1companyprefix",
                  "length": 6
                },
                {
                  "seq": 3,
                  "decimalMinimum": "0",
                  "decimalMaximum": "999999999",
                  "characterSet": "[01]*",
                  "bitPadDir": "LEFT",
                  "bitLength": 31,
                  "name": "comppartref"
                },
                {
                  "seq": 4,
                  "decimalMinimum": "0",
                  "decimalMaximum": "2147483647",
                  "characterSet": "[01]*",
                  "bitPadDir": "LEFT",
                  "bitLength": 31,
                  "name": "cpiserial"
                }
              ]
            }
          ]
        },
        {
          "type": "TAG_ENCODING",
          "prefixMatch": "urn:epc:tag:cpi-96",
          "requiredFormattingParameters": "filter,tagLength",
          "option": [
            {
              "optionKey": "12",
              "pattern": "^urn:epc:tag:cpi-96:([0-7]{1})\\.([0-9]{12})\\.([0-9]{1,3})\\.([0-9]{1,10})$",
              "grammar": "'urn:epc:tag:cpi-96:' filter '.' gs1companyprefix '.' comppartref '.' cpiserial",
              "field": [
                {
                  "seq": 1,
                  "decimalMinimum": "0",
                  "decimalMaximum": "7",
                  "characterSet": "[0-7]*",
                  "length": 1,
                  "padChar": "0",
                  "padDir": "LEFT",
                  "name": "filter"
                },
                {
                  "seq": 2,
                  "decimalMinimum": "0",
                  "decimalMaximum": "999999999999",
                  "characterSet": "[0-9]*",
                  "length": 12,
                  "padChar": "0",
                  "padDir": "LEFT",
                  "name": "gs1companyprefix"
                },
                {
                  "seq": 3,
                  "decimalMinimum": "0",
                  "decimalMaximum": "999",
                  "characterSet": "[0-9]*",
                  "name": "comppartref"
                },
                {
                  "seq": 4,
                  "decimalMinimum": "0",
                  "decimalMaximum": "2147483647",
                  "characterSet": "[0-9]*",
                  "name": "cpiserial"
                }
              ]
            },
            {
              "optionKey": "11",
              "pattern": "^urn:epc:tag:cpi-96:([0-7]{1})\\.([0-9]{11})\\.([0-9]{1,4})\\.([0-9]{1,10})$",
              "grammar": "'urn:epc:tag:cpi-96:' filter '.' gs1companyprefix '.' comppartref '.' cpiserial",
              "field": [
                {
                  "seq": 1,
                  "decimalMinimum": "0",
                  "decimalMaximum": "7",
                  "characterSet": "[0-7]*",
                  "length": 1,
                  "padChar": "0",
                  "padDir": "LEFT",
                  "name": "filter"
                },
                {
                  "seq": 2,
                  "decimalMinimum": "0",
                  "decimalMaximum": "99999999999",
                  "characterSet": "[0-9]*",
                  "length": 11,
                  "padChar": "0",
                  "padDir": "LEFT",
                  "name": "gs1companyprefix"
                },
                {
                  "seq": 3,
                  "decimalMinimum": "0",
                  "decimalMaximum": "9999",
                  "characterSet": "[0-9]*",
                  "name": "comppartref"
                },
                {
                  "seq": 4,
                  "decimalMinimum": "0",
                  "decimalMaximum": "2147483647",
                  "characterSet": "[0-9]*",
                  "name": "cpiserial"
                }
              ]
            },
            {
              "optionKey": "10",
              "pattern": "^urn:epc:tag:cpi-96:([0-7]{1})\\.([0-9]{10})\\.([0-9]{1,5})\\.([0-9]{1,10})$",
              "grammar": "'urn:epc:tag:cpi-96:' filter '.' gs1companyprefix '.' comppartref '.' cpiserial",
              "field": [
                {
                  "seq": 1,
                  "decimalMinimum": "0",
                  "decimalMaximum": "7",
                  "characterSet": "[0-7]*",
                  "length": 1,
                  "padChar": "0",
                  "padDir": "LEFT",
                  "name": "filter"
                },
                {
                  "seq": 2,
                  "decimalMinimum": "0",
                  "decimalMaximum": "9999999999",
                  "characterSet": "[0-9]*",
                  "length": 10,
                  "padChar": "0",
                  "padDir": "LEFT",
                  "name": "gs1companyprefix"
                },
                {
                  "seq": 3,
                  "decimalMinimum": "0",
                  "decimalMaximum": "99999",
                  "characterSet": "[0-9]*",
                  "name": "comppartref"
                },
                {
                  "seq": 4,
                  "decimalMinimum": "0",
                  "decimalMaximum": "2147483647",
                  "characterSet": "[0-9]*",
                  "name": "cpiserial"
                }
              ]
            },
            {
              "optionKey": "9",
              "pattern": "^urn:epc:tag:cpi-96:([0-7]{1})\\.([0-9]{9})\\.([0-9]{1,6})\\.([0-9]{1,10})$",
              "grammar": "'urn:epc:tag:cpi-96:' filter '.' gs1companyprefix '.' comppartref '.' cpiserial",
              "field": [
                {
                  "seq": 1,
                  "decimalMinimum": "0",
                  "decimalMaximum": "7",
                  "characterSet": "[0-7]*",
                  "length": 1,
                  "padChar": "0",
                  "padDir": "LEFT",
                  "name": "filter"
                },
                {
                  "seq": 2,
                  "decimalMinimum": "0",
                  "decimalMaximum": "999999999",
                  "characterSet": "[0-9]*",
                  "length": 9,
                  "padChar": "0",
                  "padDir": "LEFT",
                  "name": "gs1companyprefix"
                },
                {
                  "seq": 3,
                  "decimalMinimum": "0",
                  "decimalMaximum": "999999",
                  "characterSet": "[0-9]*",
                  "name": "comppartref"
                },
                {
                  "seq": 4,
                  "decimalMinimum": "0",
                  "decimalMaximum": "2147483647",
                  "characterSet": "[0-9]*",
                  "name": "cpiserial"
                }
              ]
            },
            {
              "optionKey": "8",
              "pattern": "^urn:epc:tag:cpi-96:([0-7]{1})\\.([0-9]{8})\\.([0-9]{1,7})\\.([0-9]{1,10})$",
              "grammar": "'urn:epc:tag:cpi-96:' filter '.' gs1companyprefix '.' comppartref '.' cpiserial",
              "field": [
                {
                  "seq": 1,
                  "decimalMinimum": "0",
                  "decimalMaximum": "7",
                  "characterSet": "[0-7]*",
                  "length": 1,
                  "padChar": "0",
                  "padDir": "LEFT",
                  "name": "filter"
                },
                {
                  "seq": 2,
                  "decimalMinimum": "0",
                  "decimalMaximum": "99999999",
                  "characterSet": "[0-9]*",
                  "length": 8,
                  "padChar": "0",
                  "padDir": "LEFT",
                  "name": "gs1companyprefix"
                },
                {
                  "seq": 3,
                  "decimalMinimum": "0",
                  "decimalMaximum": "9999999",
                  "characterSet": "[0-9]*",
                  "name": "comppartref"
                },
                {
                  "seq": 4,
                  "decimalMinimum": "0",
                  "decimalMaximum": "2147483647",
                  "characterSet": "[0-9]*",
                  "name": "cpiserial"
                }
              ]
            },
            {
              "optionKey": "7",
              "pattern": "^urn:epc:tag:cpi-96:([0-7]{1})\\.([0-9]{7})\\.([0-9]{1,8})\\.([0-9]{1,10})$",
              "grammar": "'urn:epc:tag:cpi-96:' filter '.' gs1companyprefix '.' comppartref '.' cpiserial",
              "field": [
                {
                  "seq": 1,
                  "decimalMinimum": "0",
                  "decimalMaximum": "7",
                  "characterSet": "[0-7]*",
                  "length": 1,
                  "padChar": "0",
                  "padDir": "LEFT",
                  "name": "filter"
                },
                {
                  "seq": 2,
                  "decimalMinimum": "0",
                  "decimalMaximum": "9999999",
                  "characterSet": "[0-9]*",
                  "length": 7,
                  "padChar": "0",
                  "padDir": "LEFT",
                  "name": "gs1companyprefix"
                },
                {
                  "seq": 3,
                  "decimalMinimum": "0",
                  "decimalMaximum": "99999999",
                  "characterSet": "[0-9]*",
                  "name": "comppartref"
                },
                {
                  "seq": 4,
                  "decimalMinimum": "0",
                  "decimalMaximum": "2147483647",
                  "characterSet": "[0-9]*",
                  "name": "cpiserial"
                }
              ]
            },
            {
              "optionKey": "6",
              "pattern": "^urn:epc:tag:cpi-96:([0-7]{1})\\.([0-9]{6})\\.([0-9]{1,9})\\.([0-9]{1,10})$",
              "grammar": "'urn:epc:tag:cpi-96:' filter '.' gs1companyprefix '.' comppartref '.' cpiserial",
              "field": [
                {
                  "seq": 1,
                  "decimalMinimum": "0",
                  "decimalMaximum": "7",
                  "characterSet": "[0-7]*",
                  "length": 1,
                  "padChar": "0",
                  "padDir": "LEFT",
                  "name": "filter"
                },
                {
                  "seq": 2,
                  "decimalMinimum": "0",
                  "decimalMaximum": "999999",
                  "characterSet": "[0-9]*",
                  "length": 6,
                  "padChar": "0",
                  "padDir": "LEFT",
                  "name": "gs1companyprefix"
                },
                {
                  "seq": 3,
                  "decimalMinimum": "0",
                  "decimalMaximum": "999999999",
                  "characterSet": "[0-9]*",
                  "name": "comppartref"
                },
                {
                  "seq": 4,
                  "decimalMinimum": "0",
                  "decimalMaximum": "2147483647",
                  "characterSet": "[0-9]*",
                  "name": "cpiserial"
                }
              ]
            }
          ]
        },
        {
          "type": "PURE_IDENTITY",
          "prefixMatch": "urn:epc:id:cpi",
          "requiredFormattingParameters": "filter,tagLength",
          "option": [
            {
              "optionKey": "12",
              "pattern": "^urn:epc:id:cpi:([0-9]{12})\\.([0-9]{1,3})\\.([0-9]{1,10})$",
              "grammar": "'urn:epc:id:cpi:' gs1companyprefix '.' comppartref '.' cpiserial",
              "field": [
                {
                  "seq": 1,
                  "decimalMinimum": "0",
                  "decimalMaximum": "999999999999",
                  "characterSet": "[0-9]*",
                  "length": 12,
                  "padChar": "0",
                  "padDir": "LEFT",
                  "name": "gs1companyprefix"
                },
                {
                  "seq": 2,
                  "decimalMinimum": "0",
                  "decimalMaximum": "999",
                  "characterSet": "[0-9]*",
                  "name": "comppartref"
                },
                {
                  "seq": 3,
                  "decimalMinimum": "0",
                  "decimalMaximum": "2147483647",
                  "characterSet": "[0-9]*",
                  "name": "cpiserial"
                }
              ]
            },
            {
              "optionKey": "11",
              "pattern": "^urn:epc:id:cpi:([0-9]{11})\\.([0-9]{1,4})\\.([0-9]{1,10})$",
              "grammar": "'urn:epc:id:cpi:' gs1companyprefix '.' comppartref '.' cpiserial",
              "field": [
                {
                  "seq": 1,
                  "decimalMinimum": "0",
                  "decimalMaximum": "99999999999",
                  "characterSet": "[0-9]*",
                  "length": 11,
                  "padChar": "0",
                  "padDir": "LEFT",
                  "name": "gs1companyprefix"
                },
                {
                  "seq": 2,
                  "decimalMinimum": "0",
                  "decimalMaximum": "9999",
                  "characterSet": "[0-9]*",
                  "name": "comppartref"
                },
                {
                  "seq": 3,
                  "decimalMinimum": "0",
                  "decimalMaximum": "2147483647",
                  "characterSet": "[0-9]*",
                  "name": "cpiserial"
                }
              ]
            },
            {
              "optionKey": "10",
              "pattern": "^urn:epc:id:cpi:([0-9]{10})\\.([0-9]{1,5})\\.([0-9]{1,10})$",
              "grammar": "'urn:epc:id:cpi:' gs1companyprefix '.' comppartref '.' cpiserial",
              "field": [
                {
                  "seq": 1,
                  "decimalMinimum": "0",
                  "decimalMaximum": "9999999999",
                  "characterSet": "[0-9]*",
                  "length": 10,
                  "padChar": "0",
                  "padDir": "LEFT",
                  "name": "gs1companyprefix"
                },
                {
                  "seq": 2,
                  "decimalMinimum": "0",
                  "decimalMaximum": "99999",
                  "characterSet": "[0-9]*",
                  "name": "comppartref"
                },
                {
                  "seq": 3,
                  "decimalMinimum": "0",
                  "decimalMaximum": "2147483647",
                  "characterSet": "[0-9]*",
                  "name": "cpiserial"
                }
              ]
            },
            {
              "optionKey": "9",
              "pattern": "^urn:epc:id:cpi:([0-9]{9})\\.([0-9]{1,6})\\.([0-9]{1,10})$",
              "grammar": "'urn:epc:id:cpi:' gs1companyprefix '.' comppartref '.' cpiserial",
              "field": [
                {
                  "seq": 1,
                  "decimalMinimum": "0",
                  "decimalMaximum": "999999999",
                  "characterSet": "[0-9]*",
                  "length": 9,
                  "padChar": "0",
                  "padDir": "LEFT",
                  "name": "gs1companyprefix"
                },
                {
                  "seq": 2,
                  "decimalMinimum": "0",
                  "decimalMaximum": "999999",
                  "characterSet": "[0-9]*",
                  "name": "comppartref"
                },
                {
                  "seq": 3,
                  "decimalMinimum": "0",
                  "decimalMaximum": "2147483647",
                  "characterSet": "[0-9]*",
                  "name": "cpiserial"
                }
              ]
            },
            {
              "optionKey": "8",
              "pattern": "^urn:epc:id:cpi:([0-9]{8})\\.([0-9]{1,7})\\.([0-9]{1,10})$",
              "grammar": "'urn:epc:id:cpi:' gs1companyprefix '.' comppartref '.' cpiserial",
              "field": [
                {
                  "seq": 1,
                  "decimalMinimum": "0",
                  "decimalMaximum": "99999999",
                  "characterSet": "[0-9]*",
                  "length": 8,
                  "padChar": "0",
                  "padDir": "LEFT",
                  "name": "gs1companyprefix"
                },
                {
                  "seq": 2,
                  "decimalMinimum": "0",
                  "decimalMaximum": "9999999",
                  "characterSet": "[0-9]*",
                  "name": "comppartref"
                },
                {
                  "seq": 3,
                  "decimalMinimum": "0",
                  "decimalMaximum": "2147483647",
                  "characterSet": "[0-9]*",
                  "name": "cpiserial"
                }
              ]
            },
            {
              "optionKey": "7",
              "pattern": "^urn:epc:id:cpi:([0-9]{7})\\.([0-9]{1,8})\\.([0-9]{1,10})$",
              "grammar": "'urn:epc:id:cpi:' gs1companyprefix '.' comppartref '.' cpiserial",
              "field": [
                {
                  "seq": 1,
                  "decimalMinimum": "0",
                  "decimalMaximum": "9999999",
                  "characterSet": "[0-9]*",
                  "length": 7,
                  "padChar": "0",
                  "padDir": "LEFT",
                  "name": "gs1companyprefix"
                },
                {
                  "seq": 2,
                  "decimalMinimum": "0",
                  "decimalMaximum": "99999999",
                  "characterSet": "[0-9]*",
                  "name": "comppartref"
                },
                {
                  "seq": 3,
                  "decimalMinimum": "0",
                  "decimalMaximum": "2147483647",
                  "characterSet": "[0-9]*",
                  "name": "cpiserial"
                }
              ]
            },
            {
              "optionKey": "6",
              "pattern": "^urn:epc:id:cpi:([0-9]{6})\\.([0-9]{1,9})\\.([0-9]{1,10})$",
              "grammar": "'urn:epc:id:cpi:' gs1companyprefix '.' comppartref '.' cpiserial",
              "field": [
                {
                  "seq": 1,
                  "decimalMinimum": "0",
                  "decimalMaximum": "999999",
                  "characterSet": "[0-9]*",
                  "length": 6,
                  "padChar": "0",
                  "padDir": "LEFT",
                  "name": "gs1companyprefix"
                },
                {
                  "seq": 3,
                  "decimalMinimum": "0",
                  "decimalMaximum": "999999999",
                  "characterSet": "[0-9]*",
                  "name": "comppartref"
                },
                {
                  "seq": 3,
                  "decimalMinimum": "0",
                  "decimalMaximum": "2147483647",
                  "characterSet": "[0-9]*",
                  "name": "cpiserial"
                }
              ]
            }
          ]
        },
        {
          "type": "BARE_IDENTIFIER",
          "prefixMatch": "cpi=",
          "requiredParsingParameters": "gs1companyprefixlength",
          "option": [
            {
              "optionKey": "12",
              "pattern": "^cpi=([0-9]{13,15});cpiserial=([0-9]{1,10})$",
              "grammar": "'cpi=' gs1companyprefix comppartref ';cpiserial=' cpiserial",
              "field": [
                {
                  "seq": 1,
                  "decimalMinimum": "0",
                  "decimalMaximum": "999999999999999",
                  "characterSet": "[0-9]*",
                  "name": "cpi",
                  "gcpOffset": 0
                },
                {
                  "seq": 2,
                  "decimalMinimum": "0",
                  "decimalMaximum": "9999999999",
                  "characterSet": "[0-9]*",
                  "name": "cpiserial"
                }
              ]
            },
            {
              "optionKey": "11",
              "pattern": "^cpi=([0-9]{12,15});cpiserial=([0-9]{1,10})$",
              "grammar": "'cpi=' gs1companyprefix comppartref ';cpiserial=' cpiserial",
              "field": [
                {
                  "seq": 1,
                  "decimalMinimum": "0",
                  "decimalMaximum": "999999999999999",
                  "characterSet": "[0-9]*",
                  "name": "cpi",
                  "gcpOffset": 0
                },
                {
                  "seq": 2,
                  "decimalMinimum": "0",
                  "decimalMaximum": "9999999999",
                  "characterSet": "[0-9]*",
                  "name": "cpiserial"
                }
              ]
            },
            {
              "optionKey": "10",
              "pattern": "^cpi=([0-9]{11,15});cpiserial=([0-9]{1,10})$",
              "grammar": "'cpi=' gs1companyprefix comppartref ';cpiserial=' cpiserial",
              "field": [
                {
                  "seq": 1,
                  "decimalMinimum": "0",
                  "decimalMaximum": "999999999999999",
                  "characterSet": "[0-9]*",
                  "name": "cpi",
                  "gcpOffset": 0
                },
                {
                  "seq": 2,
                  "decimalMinimum": "0",
                  "decimalMaximum": "9999999999",
                  "characterSet": "[0-9]*",
                  "name": "cpiserial"
                }
              ]
            },
            {
              "optionKey": "9",
              "pattern": "^cpi=([0-9]{10,15});cpiserial=([0-9]{1,10})$",
              "grammar": "'cpi=' gs1companyprefix comppartref ';cpiserial=' cpiserial",
              "field": [
                {
                  "seq": 1,
                  "decimalMinimum": "0",
                  "decimalMaximum": "999999999999999",
                  "characterSet": "[0-9]*",
                  "name": "cpi",
                  "gcpOffset": 0
                },
                {
                  "seq": 2,
                  "decimalMinimum": "0",
                  "decimalMaximum": "9999999999",
                  "characterSet": "[0-9]*",
                  "name": "cpiserial"
                }
              ]
            },
            {
              "optionKey": "8",
              "pattern": "^cpi=([0-9]{9,15});cpiserial=([0-9]{1,10})$",
              "grammar": "'cpi=' gs1companyprefix comppartref ';cpiserial=' cpiserial",
              "field": [
                {
                  "seq": 1,
                  "decimalMinimum": "0",
                  "decimalMaximum": "999999999999999",
                  "characterSet": "[0-9]*",
                  "name": "cpi",
                  "gcpOffset": 0
                },
                {
                  "seq": 2,
                  "decimalMinimum": "0",
                  "decimalMaximum": "9999999999",
                  "characterSet": "[0-9]*",
                  "name": "cpiserial"
                }
              ]
            },
            {
              "optionKey": "7",
              "pattern": "^cpi=([0-9]{8,15});cpiserial=([0-9]{1,10})$",
              "grammar": "'cpi=' gs1companyprefix comppartref ';cpiserial=' cpiserial",
              "field": [
                {
                  "seq": 1,
                  "decimalMinimum": "0",
                  "decimalMaximum": "999999999999999",
                  "characterSet": "[0-9]*",
                  "name": "cpi",
                  "gcpOffset": 0
                },
                {
                  "seq": 2,
                  "decimalMinimum": "0",
                  "decimalMaximum": "9999999999",
                  "characterSet": "[0-9]*",
                  "name": "cpiserial"
                }
              ]
            },
            {
              "optionKey": "6",
              "pattern": "^cpi=([0-9]{7,15});cpiserial=([0-9]{1,10})$",
              "grammar": "'cpi=' gs1companyprefix comppartref ';cpiserial=' cpiserial",
              "field": [
                {
                  "seq": 1,
                  "decimalMinimum": "0",
                  "decimalMaximum": "999999999999999",
                  "characterSet": "[0-9]*",
                  "name": "cpi",
                  "gcpOffset": 0
                },
                {
                  "seq": 2,
                  "decimalMinimum": "0",
                  "decimalMaximum": "9999999999",
                  "characterSet": "[0-9]*",
                  "name": "cpiserial"
                }
              ]
            }
          ],
          "rule": [
            {
              "type": "EXTRACT",
              "inputFormat": "STRING",
              "seq": 1,
              "newFieldName": "comppartref",
              "characterSet": "[0-9]*",
              "function": "SUBSTR(cpi,gs1companyprefixlength)"
            },
            {
              "type": "EXTRACT",
              "inputFormat": "STRING",
              "seq": 2,
              "newFieldName": "gs1companyprefix",
              "characterSet": "[0-9]*",
              "function": "SUBSTR(cpi,0,gs1companyprefixlength)"
            }
          ]
        },
        {
          "type": "GS1_AI_JSON",
          "prefixMatch": "{",
          "requiredParsingParameters": "gs1companyprefixlength",
          "option": [
            {
              "optionKey": "12",
              "pattern": "^\\{\\s*\"8010\"\\s*:\\s*\"([0-9]{13,15})\"\\s*,\\s*\"8011\"\\s*:\\s*\"([0-9]{1,10})\"",
              "grammar": "'{\"8010\":\"' gs1companyprefix comppartref '\",\"8011\":\"' cpiserial '\"}'",
              "aiSequence": [
                "8010",
                "8011"
              ],
              "field": [
                {
                  "seq": 1,
                  "decimalMinimum": "0",
                  "decimalMaximum": "999999999999999",
                  "characterSet": "[0-9]*",
                  "name": "cpi",
                  "gcpOffset": 0
                },
                {
                  "seq": 2,
                  "decimalMinimum": "0",
                  "decimalMaximum": "9999999999",
                  "characterSet": "[0-9]*",
                  "name": "cpiserial"
                }
              ]
            },
            {
              "optionKey": "11",
              "pattern": "^\\{\\s*\"8010\"\\s*:\\s*\"([0-9]{12,15})\"\\s*,\\s*\"8011\"\\s*:\\s*\"([0-9]{1,10})\"",
              "grammar": "'{\"8010\":\"' gs1companyprefix comppartref '\",\"8011\":\"' cpiserial '\"}'",
              "aiSequence": [
                "8010",
                "8011"
              ],
              "field": [
                {
                  "seq": 1,
                  "decimalMinimum": "0",
                  "decimalMaximum": "999999999999999",
                  "characterSet": "[0-9]*",
                  "name": "cpi",
                  "gcpOffset": 0
                },
                {
                  "seq": 2,
                  "decimalMinimum": "0",
                  "decimalMaximum": "9999999999",
                  "characterSet": "[0-9]*",
                  "name": "cpiserial"
                }
              ]
            },
            {
              "optionKey": "10",
              "pattern": "^\\{\\s*\"8010\"\\s*:\\s*\"([0-9]{11,15})\"\\s*,\\s*\"8011\"\\s*:\\s*\"([0-9]{1,10})\"",
              "grammar": "'{\"8010\":\"' gs1companyprefix comppartref '\",\"8011\":\"' cpiserial '\"}'",
              "aiSequence": [
                "8010",
                "8011"
              ],
              "field": [
                {
                  "seq": 1,
                  "decimalMinimum": "0",
                  "decimalMaximum": "999999999999999",
                  "characterSet": "[0-9]*",
                  "name": "cpi",
                  "gcpOffset": 0
                },
                {
                  "seq": 2,
                  "decimalMinimum": "0",
                  "decimalMaximum": "9999999999",
                  "characterSet": "[0-9]*",
                  "name": "cpiserial"
                }
              ]
            },
            {
              "optionKey": "9",
              "pattern": "^\\{\\s*\"8010\"\\s*:\\s*\"([0-9]{10,15})\"\\s*,\\s*\"8011\"\\s*:\\s*\"([0-9]{1,10})\"",
              "grammar": "'{\"8010\":\"' gs1companyprefix comppartref '\",\"8011\":\"' cpiserial '\"}'",
              "aiSequence": [
                "8010",
                "8011"
              ],
              "field": [
                {
                  "seq": 1,
                  "decimalMinimum": "0",
                  "decimalMaximum": "999999999999999",
                  "characterSet": "[0-9]*",
                  "name": "cpi",
                  "gcpOffset": 0
                },
                {
                  "seq": 2,
                  "decimalMinimum": "0",
                  "decimalMaximum": "9999999999",
                  "characterSet": "[0-9]*",
                  "name": "cpiserial"
                }
              ]
            },
            {
              "optionKey": "8",
              "pattern": "^\\{\\s*\"8010\"\\s*:\\s*\"([0-9]{9,15})\"\\s*,\\s*\"8011\"\\s*:\\s*\"([0-9]{1,10})\"",
              "grammar": "'{\"8010\":\"' gs1companyprefix comppartref '\",\"8011\":\"' cpiserial '\"}'",
              "aiSequence": [
                "8010",
                "8011"
              ],
              "field": [
                {
                  "seq": 1,
                  "decimalMinimum": "0",
                  "decimalMaximum": "999999999999999",
                  "characterSet": "[0-9]*",
                  "name": "cpi",
                  "gcpOffset": 0
                },
                {
                  "seq": 2,
                  "decimalMinimum": "0",
                  "decimalMaximum": "9999999999",
                  "characterSet": "[0-9]*",
                  "name": "cpiserial"
                }
              ]
            },
            {
              "optionKey": "7",
              "pattern": "^\\{\\s*\"8010\"\\s*:\\s*\"([0-9]{8,15})\"\\s*,\\s*\"8011\"\\s*:\\s*\"([0-9]{1,10})\"",
              "grammar": "'{\"8010\":\"' gs1companyprefix comppartref '\",\"8011\":\"' cpiserial '\"}'",
              "aiSequence": [
                "8010",
                "8011"
              ],
              "field": [
                {
                  "seq": 1,
                  "decimalMinimum": "0",
                  "decimalMaximum": "999999999999999",
                  "characterSet": "[0-9]*",
                  "name": "cpi",
                  "gcpOffset": 0
                },
                {
                  "seq": 2,
                  "decimalMinimum": "0",
                  "decimalMaximum": "9999999999",
                  "characterSet": "[0-9]*",
                  "name": "cpiserial"
                }
              ]
            },
            {
              "optionKey": "6",
              "pattern": "^\\{\\s*\"8010\"\\s*:\\s*\"([0-9]{7,15})\"\\s*,\\s*\"8011\"\\s*:\\s*\"([0-9]{1,10})\"",
              "grammar": "'{\"8010\":\"' gs1companyprefix comppartref '\",\"8011\":\"' cpiserial '\"}'",
              "aiSequence": [
                "8010",
                "8011"
              ],
              "field": [
                {
                  "seq": 1,
                  "decimalMinimum": "0",
                  "decimalMaximum": "999999999999999",
                  "characterSet": "[0-9]*",
                  "name": "cpi",
                  "gcpOffset": 0
                },
                {
                  "seq": 2,
                  "decimalMinimum": "0",
                  "decimalMaximum": "9999999999",
                  "characterSet": "[0-9]*",
                  "name": "cpiserial"
                }
              ]
            }
          ],
          "rule": [
            {
              "type": "EXTRACT",
              "inputFormat": "STRING",
              "seq": 1,
              "newFieldName": "comppartref",
              "characterSet": "[0-9]*",
              "function": "SUBSTR(cpi,gs1companyprefixlength)"
            },
            {
              "type": "EXTRACT",
              "inputFormat": "STRING",
              "seq": 2,
              "newFieldName": "gs1companyprefix",
              "characterSet": "[0-9]*",
              "function": "SUBSTR(cpi,0,gs1companyprefixlength)"
            }
          ]
        },
        {
          "type": "GS1_DIGITAL_LINK",
          "prefixMatch": "http",
          "requiredFormattingParameters": "uriStem",
          "requiredParsingParameters": "gs1companyprefixlength",
          "option": [
            {
              "optionKey": "12",
              "pattern": "\\/8010\\/([0-9]{13,15})\\/8011\\/([0-9]{1,10})(?:\\?|$)",
              "grammar": "uriStem '/8010/' gs1companyprefix comppartref '/8011/' cpiserial",
              "field": [
                {
                  "seq": 1,
                  "decimalMinimum": "0",
                  "decimalMaximum": "999999999999999",
                  "characterSet": "[0-9]*",
                  "name": "cpi",
                  "gcpOffset": 0
                },
                {
                  "seq": 2,
                  "decimalMinimum": "0",
                  "decimalMaximum": "9999999999",
                  "characterSet": "[0-9]*",
                  "name": "cpiserial"
                }
              ],
              "aiSequence": [
                "8010",
                "8011"
              ]
            },
            {
              "optionKey": "11",
              "pattern": "\\/8010\\/([0-9]{12,15})\\/8011\\/([0-9]{1,10})(?:\\?|$)",
              "grammar": "uriStem '/8010/' gs1companyprefix comppartref '/8011/' cpiserial",
              "field": [
                {
                  "seq": 1,
                  "decimalMinimum": "0",
                  "decimalMaximum": "999999999999999",
                  "characterSet": "[0-9]*",
                  "name": "cpi",
                  "gcpOffset": 0
                },
                {
                  "seq": 2,
                  "decimalMinimum": "0",
                  "decimalMaximum": "9999999999",
                  "characterSet": "[0-9]*",
                  "name": "cpiserial"
                }
              ],
              "aiSequence": [
                "8010",
                "8011"
              ]
            },
            {
              "optionKey": "10",
              "pattern": "\\/8010\\/([0-9]{11,15})\\/8011\\/([0-9]{1,10})(?:\\?|$)",
              "grammar": "uriStem '/8010/' gs1companyprefix comppartref '/8011/' cpiserial",
              "field": [
                {
                  "seq": 1,
                  "decimalMinimum": "0",
                  "decimalMaximum": "999999999999999",
                  "characterSet": "[0-9]*",
                  "name": "cpi",
                  "gcpOffset": 0
                },
                {
                  "seq": 2,
                  "decimalMinimum": "0",
                  "decimalMaximum": "9999999999",
                  "characterSet": "[0-9]*",
                  "name": "cpiserial"
                }
              ],
              "aiSequence": [
                "8010",
                "8011"
              ]
            },
            {
              "optionKey": "9",
              "pattern": "\\/8010\\/([0-9]{10,15})\\/8011\\/([0-9]{1,10})(?:\\?|$)",
              "grammar": "uriStem '/8010/' gs1companyprefix comppartref '/8011/' cpiserial",
              "field": [
                {
                  "seq": 1,
                  "decimalMinimum": "0",
                  "decimalMaximum": "999999999999999",
                  "characterSet": "[0-9]*",
                  "name": "cpi",
                  "gcpOffset": 0
                },
                {
                  "seq": 2,
                  "decimalMinimum": "0",
                  "decimalMaximum": "9999999999",
                  "characterSet": "[0-9]*",
                  "name": "cpiserial"
                }
              ],
              "aiSequence": [
                "8010",
                "8011"
              ]
            },
            {
              "optionKey": "8",
              "pattern": "\\/8010\\/([0-9]{9,15})\\/8011\\/([0-9]{1,10})(?:\\?|$)",
              "grammar": "uriStem '/8010/' gs1companyprefix comppartref '/8011/' cpiserial",
              "field": [
                {
                  "seq": 1,
                  "decimalMinimum": "0",
                  "decimalMaximum": "999999999999999",
                  "characterSet": "[0-9]*",
                  "name": "cpi",
                  "gcpOffset": 0
                },
                {
                  "seq": 2,
                  "decimalMinimum": "0",
                  "decimalMaximum": "9999999999",
                  "characterSet": "[0-9]*",
                  "name": "cpiserial"
                }
              ],
              "aiSequence": [
                "8010",
                "8011"
              ]
            },
            {
              "optionKey": "7",
              "pattern": "\\/8010\\/([0-9]{8,15})\\/8011\\/([0-9]{1,10})(?:\\?|$)",
              "grammar": "uriStem '/8010/' gs1companyprefix comppartref '/8011/' cpiserial",
              "field": [
                {
                  "seq": 1,
                  "decimalMinimum": "0",
                  "decimalMaximum": "999999999999999",
                  "characterSet": "[0-9]*",
                  "name": "cpi",
                  "gcpOffset": 0
                },
                {
                  "seq": 2,
                  "decimalMinimum": "0",
                  "decimalMaximum": "9999999999",
                  "characterSet": "[0-9]*",
                  "name": "cpiserial"
                }
              ],
              "aiSequence": [
                "8010",
                "8011"
              ]
            },
            {
              "optionKey": "6",
              "pattern": "\\/8010\\/([0-9]{7,15})\\/8011\\/([0-9]{1,10})(?:\\?|$)",
              "grammar": "uriStem '/8010/' gs1companyprefix comppartref '/8011/' cpiserial",
              "field": [
                {
                  "seq": 1,
                  "decimalMinimum": "0",
                  "decimalMaximum": "999999999999999",
                  "characterSet": "[0-9]*",
                  "name": "cpi",
                  "gcpOffset": 0
                },
                {
                  "seq": 2,
                  "decimalMinimum": "0",
                  "decimalMaximum": "9999999999",
                  "characterSet": "[0-9]*",
                  "name": "cpiserial"
                }
              ],
              "aiSequence": [
                "8010",
                "8011"
              ]
            }
          ],
          "rule": [
            {
              "type": "EXTRACT",
              "inputFormat": "STRING",
              "seq": 1,
              "newFieldName": "comppartref",
              "characterSet": "[0-9]*",
              "function": "SUBSTR(cpi,gs1companyprefixlength)"
            },
            {
              "type": "EXTRACT",
              "inputFormat": "STRING",
              "seq": 2,
              "newFieldName": "gs1companyprefix",
              "characterSet": "[0-9]*",
              "function": "SUBSTR(cpi,0,gs1companyprefixlength)"
            }
          ],
          "gs1DigitalLinkKeyQualifiers": ["8011"]
        }
      ]
    }
  }
}