{
  "tdt:epcTagDataTranslation": {
    "version": "2.2",
    "date": "2024-11-18T16:30:00Z",
    "epcTDSVersion": "2.2",
    "scheme": {
      "name": "GIAI-96",
      "optionKey": "gs1companyprefixlength",
      "tagLength": 96,
      "level": [
        {
          "type": "BINARY",
          "prefixMatch": "00110100",
          "requiredFormattingParameters": "filter,tagLength",
          "option": [
            {
              "optionKey": "12",
              "pattern": "^00110100([01]{3})000([01]{40})([01]{42})",
              "grammar": "'00110100' filter '000' gs1companyprefix indassetref",
              "field": [
                {
                  "seq": 1,
                  "decimalMinimum": "0",
                  "decimalMaximum": "7",
                  "characterSet": "[01]*",
                  "bitPadDir": "LEFT",
                  "bitLength": 3,
                  "name": "filter",
                  "length": 1
                },
                {
                  "seq": 2,
                  "decimalMinimum": "0",
                  "decimalMaximum": "999999999999",
                  "characterSet": "[01]*",
                  "bitPadDir": "LEFT",
                  "bitLength": 40,
                  "name": "gs1companyprefix",
                  "length": 12
                },
                {
                  "seq": 3,
                  "decimalMinimum": "0",
                  "decimalMaximum": "4398046511103",
                  "characterSet": "[01]*",
                  "bitPadDir": "LEFT",
                  "bitLength": 42,
                  "name": "indassetref"
                }
              ]
            },
            {
              "optionKey": "11",
              "pattern": "^00110100([01]{3})001([01]{37})([01]{45})",
              "grammar": "'00110100' filter '001' gs1companyprefix indassetref",
              "field": [
                {
                  "seq": 1,
                  "decimalMinimum": "0",
                  "decimalMaximum": "7",
                  "characterSet": "[01]*",
                  "bitPadDir": "LEFT",
                  "bitLength": 3,
                  "name": "filter",
                  "length": 1
                },
                {
                  "seq": 2,
                  "decimalMinimum": "0",
                  "decimalMaximum": "99999999999",
                  "characterSet": "[01]*",
                  "bitPadDir": "LEFT",
                  "bitLength": 37,
                  "name": "gs1companyprefix",
                  "length": 11
                },
                {
                  "seq": 3,
                  "decimalMinimum": "0",
                  "decimalMaximum": "35184372088831",
                  "characterSet": "[01]*",
                  "bitPadDir": "LEFT",
                  "bitLength": 45,
                  "name": "indassetref"
                }
              ]
            },
            {
              "optionKey": "10",
              "pattern": "^00110100([01]{3})010([01]{34})([01]{48})",
              "grammar": "'00110100' filter '010' gs1companyprefix indassetref",
              "field": [
                {
                  "seq": 1,
                  "decimalMinimum": "0",
                  "decimalMaximum": "7",
                  "characterSet": "[01]*",
                  "bitPadDir": "LEFT",
                  "bitLength": 3,
                  "name": "filter",
                  "length": 1
                },
                {
                  "seq": 2,
                  "decimalMinimum": "0",
                  "decimalMaximum": "9999999999",
                  "characterSet": "[01]*",
                  "bitPadDir": "LEFT",
                  "bitLength": 34,
                  "name": "gs1companyprefix",
                  "length": 10
                },
                {
                  "seq": 3,
                  "decimalMinimum": "0",
                  "decimalMaximum": "281474976710655",
                  "characterSet": "[01]*",
                  "bitPadDir": "LEFT",
                  "bitLength": 48,
                  "name": "indassetref"
                }
              ]
            },
            {
              "optionKey": "9",
              "pattern": "^00110100([01]{3})011([01]{30})([01]{52})",
              "grammar": "'00110100' filter '011' gs1companyprefix indassetref",
              "field": [
                {
                  "seq": 1,
                  "decimalMinimum": "0",
                  "decimalMaximum": "7",
                  "characterSet": "[01]*",
                  "bitPadDir": "LEFT",
                  "bitLength": 3,
                  "name": "filter",
                  "length": 1
                },
                {
                  "seq": 2,
                  "decimalMinimum": "0",
                  "decimalMaximum": "999999999",
                  "characterSet": "[01]*",
                  "bitPadDir": "LEFT",
                  "bitLength": 30,
                  "name": "gs1companyprefix",
                  "length": 9
                },
                {
                  "seq": 3,
                  "decimalMinimum": "0",
                  "decimalMaximum": "4503599627370495",
                  "characterSet": "[01]*",
                  "bitPadDir": "LEFT",
                  "bitLength": 52,
                  "name": "indassetref"
                }
              ]
            },
            {
              "optionKey": "8",
              "pattern": "^00110100([01]{3})100([01]{27})([01]{55})",
              "grammar": "'00110100' filter '100' gs1companyprefix indassetref",
              "field": [
                {
                  "seq": 1,
                  "decimalMinimum": "0",
                  "decimalMaximum": "7",
                  "characterSet": "[01]*",
                  "bitPadDir": "LEFT",
                  "bitLength": 3,
                  "name": "filter",
                  "length": 1
                },
                {
                  "seq": 2,
                  "decimalMinimum": "0",
                  "decimalMaximum": "99999999",
                  "characterSet": "[01]*",
                  "bitPadDir": "LEFT",
                  "bitLength": 27,
                  "name": "gs1companyprefix",
                  "length": 8
                },
                {
                  "seq": 3,
                  "decimalMinimum": "0",
                  "decimalMaximum": "36028797018963967",
                  "characterSet": "[01]*",
                  "bitPadDir": "LEFT",
                  "bitLength": 55,
                  "name": "indassetref"
                }
              ]
            },
            {
              "optionKey": "7",
              "pattern": "^00110100([01]{3})101([01]{24})([01]{58})",
              "grammar": "'00110100' filter '101' gs1companyprefix indassetref",
              "field": [
                {
                  "seq": 1,
                  "decimalMinimum": "0",
                  "decimalMaximum": "7",
                  "characterSet": "[01]*",
                  "bitPadDir": "LEFT",
                  "bitLength": 3,
                  "name": "filter",
                  "length": 1
                },
                {
                  "seq": 2,
                  "decimalMinimum": "0",
                  "decimalMaximum": "9999999",
                  "characterSet": "[01]*",
                  "bitPadDir": "LEFT",
                  "bitLength": 24,
                  "name": "gs1companyprefix",
                  "length": 7
                },
                {
                  "seq": 3,
                  "decimalMinimum": "0",
                  "decimalMaximum": "288230376151711743",
                  "characterSet": "[01]*",
                  "bitPadDir": "LEFT",
                  "bitLength": 58,
                  "name": "indassetref"
                }
              ]
            },
            {
              "optionKey": "6",
              "pattern": "^00110100([01]{3})110([01]{20})([01]{62})",
              "grammar": "'00110100' filter '110' gs1companyprefix indassetref",
              "field": [
                {
                  "seq": 1,
                  "decimalMinimum": "0",
                  "decimalMaximum": "7",
                  "characterSet": "[01]*",
                  "bitPadDir": "LEFT",
                  "bitLength": 3,
                  "name": "filter",
                  "length": 1
                },
                {
                  "seq": 2,
                  "decimalMinimum": "0",
                  "decimalMaximum": "999999",
                  "characterSet": "[01]*",
                  "bitPadDir": "LEFT",
                  "bitLength": 20,
                  "name": "gs1companyprefix",
                  "length": 6
                },
                {
                  "seq": 3,
                  "decimalMinimum": "0",
                  "decimalMaximum": "4611686018427387903",
                  "characterSet": "[01]*",
                  "bitPadDir": "LEFT",
                  "bitLength": 62,
                  "name": "indassetref"
                }
              ]
            }
          ]
        },
        {
          "type": "TAG_ENCODING",
          "prefixMatch": "urn:epc:tag:giai-96",
          "requiredFormattingParameters": "filter,tagLength",
          "option": [
            {
              "optionKey": "12",
              "pattern": "^urn:epc:tag:giai-96:([0-7]{1})\\.([0-9]{12})\\.([0-9]{1,13})$",
              "grammar": "'urn:epc:tag:giai-96:' filter '.' gs1companyprefix '.' indassetref",
              "field": [
                {
                  "seq": 1,
                  "decimalMinimum": "0",
                  "decimalMaximum": "7",
                  "characterSet": "[0-7]*",
                  "length": 1,
                  "padChar": "0",
                  "padDir": "LEFT",
                  "name": "filter"
                },
                {
                  "seq": 2,
                  "decimalMinimum": "0",
                  "decimalMaximum": "999999999999",
                  "characterSet": "[0-9]*",
                  "length": 12,
                  "padChar": "0",
                  "padDir": "LEFT",
                  "name": "gs1companyprefix"
                },
                {
                  "seq": 3,
                  "decimalMinimum": "0",
                  "decimalMaximum": "4398046511103",
                  "characterSet": "[0-9]*",
                  "name": "indassetref"
                }
              ]
            },
            {
              "optionKey": "11",
              "pattern": "^urn:epc:tag:giai-96:([0-7]{1})\\.([0-9]{11})\\.([0-9]{1,14})$",
              "grammar": "'urn:epc:tag:giai-96:' filter '.' gs1companyprefix '.' indassetref",
              "field": [
                {
                  "seq": 1,
                  "decimalMinimum": "0",
                  "decimalMaximum": "7",
                  "characterSet": "[0-7]*",
                  "length": 1,
                  "padChar": "0",
                  "padDir": "LEFT",
                  "name": "filter"
                },
                {
                  "seq": 2,
                  "decimalMinimum": "0",
                  "decimalMaximum": "99999999999",
                  "characterSet": "[0-9]*",
                  "length": 11,
                  "padChar": "0",
                  "padDir": "LEFT",
                  "name": "gs1companyprefix"
                },
                {
                  "seq": 3,
                  "decimalMinimum": "0",
                  "decimalMaximum": "35184372088831",
                  "characterSet": "[0-9]*",
                  "name": "indassetref"
                }
              ]
            },
            {
              "optionKey": "10",
              "pattern": "^urn:epc:tag:giai-96:([0-7]{1})\\.([0-9]{10})\\.([0-9]{1,15})$",
              "grammar": "'urn:epc:tag:giai-96:' filter '.' gs1companyprefix '.' indassetref",
              "field": [
                {
                  "seq": 1,
                  "decimalMinimum": "0",
                  "decimalMaximum": "7",
                  "characterSet": "[0-7]*",
                  "length": 1,
                  "padChar": "0",
                  "padDir": "LEFT",
                  "name": "filter"
                },
                {
                  "seq": 2,
                  "decimalMinimum": "0",
                  "decimalMaximum": "9999999999",
                  "characterSet": "[0-9]*",
                  "length": 10,
                  "padChar": "0",
                  "padDir": "LEFT",
                  "name": "gs1companyprefix"
                },
                {
                  "seq": 3,
                  "decimalMinimum": "0",
                  "decimalMaximum": "281474976710655",
                  "characterSet": "[0-9]*",
                  "name": "indassetref"
                }
              ]
            },
            {
              "optionKey": "9",
              "pattern": "^urn:epc:tag:giai-96:([0-7]{1})\\.([0-9]{9})\\.([0-9]{1,16})$",
              "grammar": "'urn:epc:tag:giai-96:' filter '.' gs1companyprefix '.' indassetref",
              "field": [
                {
                  "seq": 1,
                  "decimalMinimum": "0",
                  "decimalMaximum": "7",
                  "characterSet": "[0-7]*",
                  "length": 1,
                  "padChar": "0",
                  "padDir": "LEFT",
                  "name": "filter"
                },
                {
                  "seq": 2,
                  "decimalMinimum": "0",
                  "decimalMaximum": "999999999",
                  "characterSet": "[0-9]*",
                  "length": 9,
                  "padChar": "0",
                  "padDir": "LEFT",
                  "name": "gs1companyprefix"
                },
                {
                  "seq": 3,
                  "decimalMinimum": "0",
                  "decimalMaximum": "4503599627370495",
                  "characterSet": "[0-9]*",
                  "name": "indassetref"
                }
              ]
            },
            {
              "optionKey": "8",
              "pattern": "^urn:epc:tag:giai-96:([0-7]{1})\\.([0-9]{8})\\.([0-9]{1,17})$",
              "grammar": "'urn:epc:tag:giai-96:' filter '.' gs1companyprefix '.' indassetref",
              "field": [
                {
                  "seq": 1,
                  "decimalMinimum": "0",
                  "decimalMaximum": "7",
                  "characterSet": "[0-7]*",
                  "length": 1,
                  "padChar": "0",
                  "padDir": "LEFT",
                  "name": "filter"
                },
                {
                  "seq": 2,
                  "decimalMinimum": "0",
                  "decimalMaximum": "99999999",
                  "characterSet": "[0-9]*",
                  "length": 8,
                  "padChar": "0",
                  "padDir": "LEFT",
                  "name": "gs1companyprefix"
                },
                {
                  "seq": 3,
                  "decimalMinimum": "0",
                  "decimalMaximum": "36028797018963967",
                  "characterSet": "[0-9]*",
                  "name": "indassetref"
                }
              ]
            },
            {
              "optionKey": "7",
              "pattern": "^urn:epc:tag:giai-96:([0-7]{1})\\.([0-9]{7})\\.([0-9]{1,18})$",
              "grammar": "'urn:epc:tag:giai-96:' filter '.' gs1companyprefix '.' indassetref",
              "field": [
                {
                  "seq": 1,
                  "decimalMinimum": "0",
                  "decimalMaximum": "7",
                  "characterSet": "[0-7]*",
                  "length": 1,
                  "padChar": "0",
                  "padDir": "LEFT",
                  "name": "filter"
                },
                {
                  "seq": 2,
                  "decimalMinimum": "0",
                  "decimalMaximum": "9999999",
                  "characterSet": "[0-9]*",
                  "length": 7,
                  "padChar": "0",
                  "padDir": "LEFT",
                  "name": "gs1companyprefix"
                },
                {
                  "seq": 3,
                  "decimalMinimum": "0",
                  "decimalMaximum": "288230376151711743",
                  "characterSet": "[0-9]*",
                  "name": "indassetref"
                }
              ]
            },
            {
              "optionKey": "6",
              "pattern": "^urn:epc:tag:giai-96:([0-7]{1})\\.([0-9]{6})\\.([0-9]{1,19})$",
              "grammar": "'urn:epc:tag:giai-96:' filter '.' gs1companyprefix '.' indassetref",
              "field": [
                {
                  "seq": 1,
                  "decimalMinimum": "0",
                  "decimalMaximum": "7",
                  "characterSet": "[0-7]*",
                  "length": 1,
                  "padChar": "0",
                  "padDir": "LEFT",
                  "name": "filter"
                },
                {
                  "seq": 2,
                  "decimalMinimum": "0",
                  "decimalMaximum": "999999",
                  "characterSet": "[0-9]*",
                  "length": 6,
                  "padChar": "0",
                  "padDir": "LEFT",
                  "name": "gs1companyprefix"
                },
                {
                  "seq": 3,
                  "decimalMinimum": "0",
                  "decimalMaximum": "4611686018427387903",
                  "characterSet": "[0-9]*",
                  "name": "indassetref"
                }
              ]
            }
          ]
        },
        {
          "type": "PURE_IDENTITY",
          "prefixMatch": "urn:epc:id:giai",
          "option": [
            {
              "optionKey": "12",
              "pattern": "^urn:epc:id:giai:([0-9]{12})\\.([0-9]{1,13})$",
              "grammar": "'urn:epc:id:giai:' gs1companyprefix '.' indassetref",
              "field": [
                {
                  "seq": 1,
                  "decimalMinimum": "0",
                  "decimalMaximum": "999999999999",
                  "characterSet": "[0-9]*",
                  "length": 12,
                  "padChar": "0",
                  "padDir": "LEFT",
                  "name": "gs1companyprefix"
                },
                {
                  "seq": 2,
                  "decimalMinimum": "0",
                  "decimalMaximum": "9999999999999",
                  "characterSet": "[0-9]*",
                  "name": "indassetref"
                }
              ]
            },
            {
              "optionKey": "11",
              "pattern": "^urn:epc:id:giai:([0-9]{11})\\.([0-9]{1,14})$",
              "grammar": "'urn:epc:id:giai:' gs1companyprefix '.' indassetref",
              "field": [
                {
                  "seq": 1,
                  "decimalMinimum": "0",
                  "decimalMaximum": "99999999999",
                  "characterSet": "[0-9]*",
                  "length": 11,
                  "padChar": "0",
                  "padDir": "LEFT",
                  "name": "gs1companyprefix"
                },
                {
                  "seq": 2,
                  "decimalMinimum": "0",
                  "decimalMaximum": "99999999999999",
                  "characterSet": "[0-9]*",
                  "name": "indassetref"
                }
              ]
            },
            {
              "optionKey": "10",
              "pattern": "^urn:epc:id:giai:([0-9]{10})\\.([0-9]{1,15})$",
              "grammar": "'urn:epc:id:giai:' gs1companyprefix '.' indassetref",
              "field": [
                {
                  "seq": 1,
                  "decimalMinimum": "0",
                  "decimalMaximum": "9999999999",
                  "characterSet": "[0-9]*",
                  "length": 10,
                  "padChar": "0",
                  "padDir": "LEFT",
                  "name": "gs1companyprefix"
                },
                {
                  "seq": 2,
                  "decimalMinimum": "0",
                  "decimalMaximum": "999999999999999",
                  "characterSet": "[0-9]*",
                  "name": "indassetref"
                }
              ]
            },
            {
              "optionKey": "9",
              "pattern": "^urn:epc:id:giai:([0-9]{9})\\.([0-9]{1,16})$",
              "grammar": "'urn:epc:id:giai:' gs1companyprefix '.' indassetref",
              "field": [
                {
                  "seq": 1,
                  "decimalMinimum": "0",
                  "decimalMaximum": "999999999",
                  "characterSet": "[0-9]*",
                  "length": 9,
                  "padChar": "0",
                  "padDir": "LEFT",
                  "name": "gs1companyprefix"
                },
                {
                  "seq": 2,
                  "decimalMinimum": "0",
                  "decimalMaximum": "9999999999999999",
                  "characterSet": "[0-9]*",
                  "name": "indassetref"
                }
              ]
            },
            {
              "optionKey": "8",
              "pattern": "^urn:epc:id:giai:([0-9]{8})\\.([0-9]{1,17})$",
              "grammar": "'urn:epc:id:giai:' gs1companyprefix '.' indassetref",
              "field": [
                {
                  "seq": 1,
                  "decimalMinimum": "0",
                  "decimalMaximum": "99999999",
                  "characterSet": "[0-9]*",
                  "length": 8,
                  "padChar": "0",
                  "padDir": "LEFT",
                  "name": "gs1companyprefix"
                },
                {
                  "seq": 2,
                  "decimalMinimum": "0",
                  "decimalMaximum": "99999999999999999",
                  "characterSet": "[0-9]*",
                  "name": "indassetref"
                }
              ]
            },
            {
              "optionKey": "7",
              "pattern": "^urn:epc:id:giai:([0-9]{7})\\.([0-9]{1,18})$",
              "grammar": "'urn:epc:id:giai:' gs1companyprefix '.' indassetref",
              "field": [
                {
                  "seq": 1,
                  "decimalMinimum": "0",
                  "decimalMaximum": "9999999",
                  "characterSet": "[0-9]*",
                  "length": 7,
                  "padChar": "0",
                  "padDir": "LEFT",
                  "name": "gs1companyprefix"
                },
                {
                  "seq": 2,
                  "decimalMinimum": "0",
                  "decimalMaximum": "999999999999999999",
                  "characterSet": "[0-9]*",
                  "name": "indassetref"
                }
              ]
            },
            {
              "optionKey": "6",
              "pattern": "^urn:epc:id:giai:([0-9]{6})\\.([0-9]{1,19})$",
              "grammar": "'urn:epc:id:giai:' gs1companyprefix '.' indassetref",
              "field": [
                {
                  "seq": 1,
                  "decimalMinimum": "0",
                  "decimalMaximum": "999999",
                  "characterSet": "[0-9]*",
                  "length": 6,
                  "padChar": "0",
                  "padDir": "LEFT",
                  "name": "gs1companyprefix"
                },
                {
                  "seq": 2,
                  "decimalMinimum": "0",
                  "decimalMaximum": "9999999999999999999",
                  "characterSet": "[0-9]*",
                  "name": "indassetref"
                }
              ]
            }
          ]
        },
        {
          "type": "BARE_IDENTIFIER",
          "prefixMatch": "giai=",
          "requiredParsingParameters": "gs1companyprefixlength",
          "option": [
            {
              "optionKey": "12",
              "pattern": "^giai=([0-9]{13,25})$",
              "grammar": "'giai=' gs1companyprefix indassetref",
              "field": [
                {
                  "seq": 1,
                  "decimalMinimum": "0",
                  "decimalMaximum": "999999999999999999999999999999",
                  "characterSet": "[0-9]*",
                  "name": "giai",
                  "gcpOffset": 0
                }
              ]
            },
            {
              "optionKey": "11",
              "pattern": "^giai=([0-9]{12,25})$",
              "grammar": "'giai=' gs1companyprefix indassetref",
              "field": [
                {
                  "seq": 1,
                  "decimalMinimum": "0",
                  "decimalMaximum": "999999999999999999999999999999",
                  "characterSet": "[0-9]*",
                  "name": "giai",
                  "gcpOffset": 0
                }
              ]
            },
            {
              "optionKey": "10",
              "pattern": "^giai=([0-9]{11,25})$",
              "grammar": "'giai=' gs1companyprefix indassetref",
              "field": [
                {
                  "seq": 1,
                  "decimalMinimum": "0",
                  "decimalMaximum": "999999999999999999999999999999",
                  "characterSet": "[0-9]*",
                  "name": "giai",
                  "gcpOffset": 0
                }
              ]
            },
            {
              "optionKey": "9",
              "pattern": "^giai=([0-9]{10,25})$",
              "grammar": "'giai=' gs1companyprefix indassetref",
              "field": [
                {
                  "seq": 1,
                  "decimalMinimum": "0",
                  "decimalMaximum": "999999999999999999999999999999",
                  "characterSet": "[0-9]*",
                  "name": "giai",
                  "gcpOffset": 0
                }
              ]
            },
            {
              "optionKey": "8",
              "pattern": "^giai=([0-9]{9,25})$",
              "grammar": "'giai=' gs1companyprefix indassetref",
              "field": [
                {
                  "seq": 1,
                  "decimalMinimum": "0",
                  "decimalMaximum": "999999999999999999999999999999",
                  "characterSet": "[0-9]*",
                  "name": "giai",
                  "gcpOffset": 0
                }
              ]
            },
            {
              "optionKey": "7",
              "pattern": "^giai=([0-9]{8,25})$",
              "grammar": "'giai=' gs1companyprefix indassetref",
              "field": [
                {
                  "seq": 1,
                  "decimalMinimum": "0",
                  "decimalMaximum": "999999999999999999999999999999",
                  "characterSet": "[0-9]*",
                  "name": "giai",
                  "gcpOffset": 0
                }
              ]
            },
            {
              "optionKey": "6",
              "pattern": "^giai=([0-9]{7,25})$",
              "grammar": "'giai=' gs1companyprefix indassetref",
              "field": [
                {
                  "seq": 1,
                  "decimalMinimum": "0",
                  "decimalMaximum": "999999999999999999999999999999",
                  "characterSet": "[0-9]*",
                  "name": "giai",
                  "gcpOffset": 0
                }
              ]
            }
          ],
          "rule": [
            {
              "type": "EXTRACT",
              "inputFormat": "STRING",
              "seq": 1,
              "newFieldName": "indassetref",
              "characterSet": "[0-9]*",
              "function": "SUBSTR(giai,gs1companyprefixlength)"
            },
            {
              "type": "EXTRACT",
              "inputFormat": "STRING",
              "seq": 2,
              "newFieldName": "gs1companyprefix",
              "characterSet": "[0-9]*",
              "function": "SUBSTR(giai,0,gs1companyprefixlength)"
            }
          ]
        },
        {
          "type": "GS1_AI_JSON",
          "prefixMatch": "{",
          "requiredParsingParameters": "gs1companyprefixlength",
          "option": [
            {
              "optionKey": "12",
              "pattern": "^\\{\\s*\"8004\"\\s*:\\s*\"([0-9]{13,25})\"",
              "grammar": "'{\"8004\":\"' gs1companyprefix indassetref '\"}'",
              "aiSequence": [
                "8004"
              ],
              "field": [
                {
                  "seq": 1,
                  "decimalMinimum": "0",
                  "decimalMaximum": "999999999999999999999999999999",
                  "characterSet": "[0-9]*",
                  "name": "giai",
                  "gcpOffset": 0
                }
              ]
            },
            {
              "optionKey": "11",
              "pattern": "^\\{\\s*\"8004\"\\s*:\\s*\"([0-9]{12,25})\"",
              "grammar": "'{\"8004\":\"' gs1companyprefix indassetref '\"}'",
              "aiSequence": [
                "8004"
              ],
              "field": [
                {
                  "seq": 1,
                  "decimalMinimum": "0",
                  "decimalMaximum": "999999999999999999999999999999",
                  "characterSet": "[0-9]*",
                  "name": "giai",
                  "gcpOffset": 0
                }
              ]
            },
            {
              "optionKey": "10",
              "pattern": "^\\{\\s*\"8004\"\\s*:\\s*\"([0-9]{11,25})\"",
              "grammar": "'{\"8004\":\"' gs1companyprefix indassetref '\"}'",
              "aiSequence": [
                "8004"
              ],
              "field": [
                {
                  "seq": 1,
                  "decimalMinimum": "0",
                  "decimalMaximum": "999999999999999999999999999999",
                  "characterSet": "[0-9]*",
                  "name": "giai",
                  "gcpOffset": 0
                }
              ]
            },
            {
              "optionKey": "9",
              "pattern": "^\\{\\s*\"8004\"\\s*:\\s*\"([0-9]{10,25})\"",
              "grammar": "'{\"8004\":\"' gs1companyprefix indassetref '\"}'",
              "aiSequence": [
                "8004"
              ],
              "field": [
                {
                  "seq": 1,
                  "decimalMinimum": "0",
                  "decimalMaximum": "999999999999999999999999999999",
                  "characterSet": "[0-9]*",
                  "name": "giai",
                  "gcpOffset": 0
                }
              ]
            },
            {
              "optionKey": "8",
              "pattern": "^\\{\\s*\"8004\"\\s*:\\s*\"([0-9]{9,25})\"",
              "grammar": "'{\"8004\":\"' gs1companyprefix indassetref '\"}'",
              "aiSequence": [
                "8004"
              ],
              "field": [
                {
                  "seq": 1,
                  "decimalMinimum": "0",
                  "decimalMaximum": "999999999999999999999999999999",
                  "characterSet": "[0-9]*",
                  "name": "giai",
                  "gcpOffset": 0
                }
              ]
            },
            {
              "optionKey": "7",
              "pattern": "^\\{\\s*\"8004\"\\s*:\\s*\"([0-9]{8,25})\"",
              "grammar": "'{\"8004\":\"' gs1companyprefix indassetref '\"}'",
              "aiSequence": [
                "8004"
              ],
              "field": [
                {
                  "seq": 1,
                  "decimalMinimum": "0",
                  "decimalMaximum": "999999999999999999999999999999",
                  "characterSet": "[0-9]*",
                  "name": "giai",
                  "gcpOffset": 0
                }
              ]
            },
            {
              "optionKey": "6",
              "pattern": "^\\{\\s*\"8004\"\\s*:\\s*\"([0-9]{7,25})\"",
              "grammar": "'{\"8004\":\"' gs1companyprefix indassetref '\"}'",
              "aiSequence": [
                "8004"
              ],
              "field": [
                {
                  "seq": 1,
                  "decimalMinimum": "0",
                  "decimalMaximum": "999999999999999999999999999999",
                  "characterSet": "[0-9]*",
                  "name": "giai",
                  "gcpOffset": 0
                }
              ]
            }
          ],
          "rule": [
            {
              "type": "EXTRACT",
              "inputFormat": "STRING",
              "seq": 1,
              "newFieldName": "indassetref",
              "characterSet": "[0-9]*",
              "function": "SUBSTR(giai,gs1companyprefixlength)"
            },
            {
              "type": "EXTRACT",
              "inputFormat": "STRING",
              "seq": 2,
              "newFieldName": "gs1companyprefix",
              "characterSet": "[0-9]*",
              "function": "SUBSTR(giai,0,gs1companyprefixlength)"
            }
          ]
        },
        {
          "type": "GS1_DIGITAL_LINK",
          "prefixMatch": "http",
          "requiredFormattingParameters": "uriStem",
          "requiredParsingParameters": "gs1companyprefixlength",
          "option": [
            {
              "optionKey": "12",
              "pattern": "\\/8004\\/([0-9]{13,25})(?:\\?|$)",
              "grammar": "uriStem '/8004/' gs1companyprefix indassetref",
              "field": [
                {
                  "seq": 1,
                  "decimalMinimum": "0",
                  "decimalMaximum": "999999999999999999999999999999",
                  "characterSet": "[0-9]*",
                  "name": "giai",
                  "gcpOffset": 0
                }
              ],
              "aiSequence": [
                "8004"
              ]
            },
            {
              "optionKey": "11",
              "pattern": "\\/8004\\/([0-9]{12,25})(?:\\?|$)",
              "grammar": "uriStem '/8004/' gs1companyprefix indassetref",
              "field": [
                {
                  "seq": 1,
                  "decimalMinimum": "0",
                  "decimalMaximum": "999999999999999999999999999999",
                  "characterSet": "[0-9]*",
                  "name": "giai",
                  "gcpOffset": 0
                }
              ],
              "aiSequence": [
                "8004"
              ]
            },
            {
              "optionKey": "10",
              "pattern": "\\/8004\\/([0-9]{11,25})(?:\\?|$)",
              "grammar": "uriStem '/8004/' gs1companyprefix indassetref",
              "field": [
                {
                  "seq": 1,
                  "decimalMinimum": "0",
                  "decimalMaximum": "999999999999999999999999999999",
                  "characterSet": "[0-9]*",
                  "name": "giai",
                  "gcpOffset": 0
                }
              ],
              "aiSequence": [
                "8004"
              ]
            },
            {
              "optionKey": "9",
              "pattern": "\\/8004\\/([0-9]{10,25})(?:\\?|$)",
              "grammar": "uriStem '/8004/' gs1companyprefix indassetref",
              "field": [
                {
                  "seq": 1,
                  "decimalMinimum": "0",
                  "decimalMaximum": "999999999999999999999999999999",
                  "characterSet": "[0-9]*",
                  "name": "giai",
                  "gcpOffset": 0
                }
              ],
              "aiSequence": [
                "8004"
              ]
            },
            {
              "optionKey": "8",
              "pattern": "\\/8004\\/([0-9]{9,25})(?:\\?|$)",
              "grammar": "uriStem '/8004/' gs1companyprefix indassetref",
              "field": [
                {
                  "seq": 1,
                  "decimalMinimum": "0",
                  "decimalMaximum": "999999999999999999999999999999",
                  "characterSet": "[0-9]*",
                  "name": "giai",
                  "gcpOffset": 0
                }
              ],
              "aiSequence": [
                "8004"
              ]
            },
            {
              "optionKey": "7",
              "pattern": "\\/8004\\/([0-9]{8,25})(?:\\?|$)",
              "grammar": "uriStem '/8004/' gs1companyprefix indassetref",
              "field": [
                {
                  "seq": 1,
                  "decimalMinimum": "0",
                  "decimalMaximum": "999999999999999999999999999999",
                  "characterSet": "[0-9]*",
                  "name": "giai",
                  "gcpOffset": 0
                }
              ],
              "aiSequence": [
                "8004"
              ]
            },
            {
              "optionKey": "6",
              "pattern": "\\/8004\\/([0-9]{7,25})(?:\\?|$)",
              "grammar": "uriStem '/8004/' gs1companyprefix indassetref",
              "field": [
                {
                  "seq": 1,
                  "decimalMinimum": "0",
                  "decimalMaximum": "999999999999999999999999999999",
                  "characterSet": "[0-9]*",
                  "name": "giai",
                  "gcpOffset": 0
                }
              ],
              "aiSequence": [
                "8004"
              ]
            }
          ],
          "rule": [
            {
              "type": "EXTRACT",
              "inputFormat": "STRING",
              "seq": 1,
              "newFieldName": "indassetref",
              "characterSet": "[0-9]*",
              "function": "SUBSTR(giai,gs1companyprefixlength)"
            },
            {
              "type": "EXTRACT",
              "inputFormat": "STRING",
              "seq": 2,
              "newFieldName": "gs1companyprefix",
              "characterSet": "[0-9]*",
              "function": "SUBSTR(giai,0,gs1companyprefixlength)"
            }
          ],
          "gs1DigitalLinkKeyQualifiers": []
        }
      ]
    }
  }
}