{
  "tdt:epcTagDataTranslation": {
    "version": "2.2",
    "date": "2024-11-18T16:30:00Z",
    "epcTDSVersion": "2.2",
    "scheme": {
      "name": "GIAI-202",
      "optionKey": "gs1companyprefixlength",
      "tagLength": 202,
      "level": [
        {
          "type": "BINARY",
          "prefixMatch": "00111000",
          "requiredFormattingParameters": "filter,tagLength",
          "option": [
            {
              "optionKey": "12",
              "pattern": "^00111000([01]{3})000([01]{40})([01]{148})",
              "grammar": "'00111000' filter '000' gs1companyprefix indassetref",
              "field": [
                {
                  "seq": 1,
                  "decimalMinimum": "0",
                  "decimalMaximum": "7",
                  "characterSet": "[01]*",
                  "bitPadDir": "LEFT",
                  "bitLength": 3,
                  "name": "filter",
                  "length": 1
                },
                {
                  "seq": 2,
                  "decimalMinimum": "0",
                  "decimalMaximum": "999999999999",
                  "characterSet": "[01]*",
                  "bitPadDir": "LEFT",
                  "bitLength": 40,
                  "name": "gs1companyprefix",
                  "length": 12
                },
                {
                  "seq": 3,
                  "characterSet": "[01]*",
                  "bitPadDir": "RIGHT",
                  "bitLength": 148,
                  "compaction": "7-bit",
                  "name": "indassetref"
                }
              ]
            },
            {
              "optionKey": "11",
              "pattern": "^00111000([01]{3})001([01]{37})([01]{151})",
              "grammar": "'00111000' filter '001' gs1companyprefix indassetref",
              "field": [
                {
                  "seq": 1,
                  "decimalMinimum": "0",
                  "decimalMaximum": "7",
                  "characterSet": "[01]*",
                  "bitPadDir": "LEFT",
                  "bitLength": 3,
                  "name": "filter",
                  "length": 1
                },
                {
                  "seq": 2,
                  "decimalMinimum": "0",
                  "decimalMaximum": "99999999999",
                  "characterSet": "[01]*",
                  "bitPadDir": "LEFT",
                  "bitLength": 37,
                  "name": "gs1companyprefix",
                  "length": 11
                },
                {
                  "seq": 3,
                  "characterSet": "[01]*",
                  "bitPadDir": "RIGHT",
                  "bitLength": 151,
                  "compaction": "7-bit",
                  "name": "indassetref"
                }
              ]
            },
            {
              "optionKey": "10",
              "pattern": "^00111000([01]{3})010([01]{34})([01]{154})",
              "grammar": "'00111000' filter '010' gs1companyprefix indassetref",
              "field": [
                {
                  "seq": 1,
                  "decimalMinimum": "0",
                  "decimalMaximum": "7",
                  "characterSet": "[01]*",
                  "bitPadDir": "LEFT",
                  "bitLength": 3,
                  "name": "filter",
                  "length": 1
                },
                {
                  "seq": 2,
                  "decimalMinimum": "0",
                  "decimalMaximum": "9999999999",
                  "characterSet": "[01]*",
                  "bitPadDir": "LEFT",
                  "bitLength": 34,
                  "name": "gs1companyprefix",
                  "length": 10
                },
                {
                  "seq": 3,
                  "characterSet": "[01]*",
                  "bitPadDir": "RIGHT",
                  "bitLength": 154,
                  "compaction": "7-bit",
                  "name": "indassetref"
                }
              ]
            },
            {
              "optionKey": "9",
              "pattern": "^00111000([01]{3})011([01]{30})([01]{158})",
              "grammar": "'00111000' filter '011' gs1companyprefix indassetref",
              "field": [
                {
                  "seq": 1,
                  "decimalMinimum": "0",
                  "decimalMaximum": "7",
                  "characterSet": "[01]*",
                  "bitPadDir": "LEFT",
                  "bitLength": 3,
                  "name": "filter",
                  "length": 1
                },
                {
                  "seq": 2,
                  "decimalMinimum": "0",
                  "decimalMaximum": "999999999",
                  "characterSet": "[01]*",
                  "bitPadDir": "LEFT",
                  "bitLength": 30,
                  "name": "gs1companyprefix",
                  "length": 9
                },
                {
                  "seq": 3,
                  "characterSet": "[01]*",
                  "bitPadDir": "RIGHT",
                  "bitLength": 158,
                  "compaction": "7-bit",
                  "name": "indassetref"
                }
              ]
            },
            {
              "optionKey": "8",
              "pattern": "^00111000([01]{3})100([01]{27})([01]{161})",
              "grammar": "'00111000' filter '100' gs1companyprefix indassetref",
              "field": [
                {
                  "seq": 1,
                  "decimalMinimum": "0",
                  "decimalMaximum": "7",
                  "characterSet": "[01]*",
                  "bitPadDir": "LEFT",
                  "bitLength": 3,
                  "name": "filter",
                  "length": 1
                },
                {
                  "seq": 2,
                  "decimalMinimum": "0",
                  "decimalMaximum": "99999999",
                  "characterSet": "[01]*",
                  "bitPadDir": "LEFT",
                  "bitLength": 27,
                  "name": "gs1companyprefix",
                  "length": 8
                },
                {
                  "seq": 3,
                  "characterSet": "[01]*",
                  "bitPadDir": "RIGHT",
                  "bitLength": 161,
                  "compaction": "7-bit",
                  "name": "indassetref"
                }
              ]
            },
            {
              "optionKey": "7",
              "pattern": "^00111000([01]{3})101([01]{24})([01]{164})",
              "grammar": "'00111000' filter '101' gs1companyprefix indassetref",
              "field": [
                {
                  "seq": 1,
                  "decimalMinimum": "0",
                  "decimalMaximum": "7",
                  "characterSet": "[01]*",
                  "bitPadDir": "LEFT",
                  "bitLength": 3,
                  "name": "filter",
                  "length": 1
                },
                {
                  "seq": 2,
                  "decimalMinimum": "0",
                  "decimalMaximum": "9999999",
                  "characterSet": "[01]*",
                  "bitPadDir": "LEFT",
                  "bitLength": 24,
                  "name": "gs1companyprefix",
                  "length": 7
                },
                {
                  "seq": 3,
                  "characterSet": "[01]*",
                  "bitPadDir": "RIGHT",
                  "bitLength": 164,
                  "compaction": "7-bit",
                  "name": "indassetref"
                }
              ]
            },
            {
              "optionKey": "6",
              "pattern": "^00111000([01]{3})110([01]{20})([01]{168})",
              "grammar": "'00111000' filter '110' gs1companyprefix indassetref",
              "field": [
                {
                  "seq": 1,
                  "decimalMinimum": "0",
                  "decimalMaximum": "7",
                  "characterSet": "[01]*",
                  "bitPadDir": "LEFT",
                  "bitLength": 3,
                  "name": "filter",
                  "length": 1
                },
                {
                  "seq": 2,
                  "decimalMinimum": "0",
                  "decimalMaximum": "999999",
                  "characterSet": "[01]*",
                  "bitPadDir": "LEFT",
                  "bitLength": 20,
                  "name": "gs1companyprefix",
                  "length": 6
                },
                {
                  "seq": 3,
                  "characterSet": "[01]*",
                  "bitPadDir": "RIGHT",
                  "bitLength": 168,
                  "compaction": "7-bit",
                  "name": "indassetref"
                }
              ]
            }
          ]
        },
        {
          "type": "TAG_ENCODING",
          "prefixMatch": "urn:epc:tag:giai-202",
          "requiredFormattingParameters": "filter,tagLength",
          "option": [
            {
              "optionKey": "12",
              "pattern": "^urn:epc:tag:giai-202:([0-7]{1})\\.([0-9]{12})\\.((?:[A-Za-z0-9!'()*+,.:;=_-]|%22|%26|%2F|%3C|%3E|%3F|%25){1,18})$",
              "grammar": "'urn:epc:tag:giai-202:' filter '.' gs1companyprefix '.' urnEscapedIndAssetRef",
              "field": [
                {
                  "seq": 1,
                  "decimalMinimum": "0",
                  "decimalMaximum": "7",
                  "characterSet": "[0-7]*",
                  "length": 1,
                  "padChar": "0",
                  "padDir": "LEFT",
                  "name": "filter"
                },
                {
                  "seq": 2,
                  "decimalMinimum": "0",
                  "decimalMaximum": "999999999999",
                  "characterSet": "[0-9]*",
                  "length": 12,
                  "padChar": "0",
                  "padDir": "LEFT",
                  "name": "gs1companyprefix"
                },
                {
                  "seq": 3,
                  "characterSet": "(?:[A-Za-z0-9!'()*+,.:;=_-]|%22|%26|%2F|%3C|%3E|%3F|%25)*",
                  "name": "urnEscapedIndAssetRef"
                }
              ]
            },
            {
              "optionKey": "11",
              "pattern": "^urn:epc:tag:giai-202:([0-7]{1})\\.([0-9]{11})\\.((?:[A-Za-z0-9!'()*+,.:;=_-]|%22|%26|%2F|%3C|%3E|%3F|%25){1,19})$",
              "grammar": "'urn:epc:tag:giai-202:' filter '.' gs1companyprefix '.' urnEscapedIndAssetRef",
              "field": [
                {
                  "seq": 1,
                  "decimalMinimum": "0",
                  "decimalMaximum": "7",
                  "characterSet": "[0-7]*",
                  "length": 1,
                  "padChar": "0",
                  "padDir": "LEFT",
                  "name": "filter"
                },
                {
                  "seq": 2,
                  "decimalMinimum": "0",
                  "decimalMaximum": "99999999999",
                  "characterSet": "[0-9]*",
                  "length": 11,
                  "padChar": "0",
                  "padDir": "LEFT",
                  "name": "gs1companyprefix"
                },
                {
                  "seq": 3,
                  "characterSet": "(?:[A-Za-z0-9!'()*+,.:;=_-]|%22|%26|%2F|%3C|%3E|%3F|%25)*",
                  "name": "urnEscapedIndAssetRef"
                }
              ]
            },
            {
              "optionKey": "10",
              "pattern": "^urn:epc:tag:giai-202:([0-7]{1})\\.([0-9]{10})\\.((?:[A-Za-z0-9!'()*+,.:;=_-]|%22|%26|%2F|%3C|%3E|%3F|%25){1,20})$",
              "grammar": "'urn:epc:tag:giai-202:' filter '.' gs1companyprefix '.' urnEscapedIndAssetRef",
              "field": [
                {
                  "seq": 1,
                  "decimalMinimum": "0",
                  "decimalMaximum": "7",
                  "characterSet": "[0-7]*",
                  "length": 1,
                  "padChar": "0",
                  "padDir": "LEFT",
                  "name": "filter"
                },
                {
                  "seq": 2,
                  "decimalMinimum": "0",
                  "decimalMaximum": "9999999999",
                  "characterSet": "[0-9]*",
                  "length": 10,
                  "padChar": "0",
                  "padDir": "LEFT",
                  "name": "gs1companyprefix"
                },
                {
                  "seq": 3,
                  "characterSet": "(?:[A-Za-z0-9!'()*+,.:;=_-]|%22|%26|%2F|%3C|%3E|%3F|%25)*",
                  "name": "urnEscapedIndAssetRef"
                }
              ]
            },
            {
              "optionKey": "9",
              "pattern": "^urn:epc:tag:giai-202:([0-7]{1})\\.([0-9]{9})\\.((?:[A-Za-z0-9!'()*+,.:;=_-]|%22|%26|%2F|%3C|%3E|%3F|%25){1,21})$",
              "grammar": "'urn:epc:tag:giai-202:' filter '.' gs1companyprefix '.' urnEscapedIndAssetRef",
              "field": [
                {
                  "seq": 1,
                  "decimalMinimum": "0",
                  "decimalMaximum": "7",
                  "characterSet": "[0-7]*",
                  "length": 1,
                  "padChar": "0",
                  "padDir": "LEFT",
                  "name": "filter"
                },
                {
                  "seq": 2,
                  "decimalMinimum": "0",
                  "decimalMaximum": "999999999",
                  "characterSet": "[0-9]*",
                  "length": 9,
                  "padChar": "0",
                  "padDir": "LEFT",
                  "name": "gs1companyprefix"
                },
                {
                  "seq": 3,
                  "characterSet": "(?:[A-Za-z0-9!'()*+,.:;=_-]|%22|%26|%2F|%3C|%3E|%3F|%25)*",
                  "name": "urnEscapedIndAssetRef"
                }
              ]
            },
            {
              "optionKey": "8",
              "pattern": "^urn:epc:tag:giai-202:([0-7]{1})\\.([0-9]{8})\\.((?:[A-Za-z0-9!'()*+,.:;=_-]|%22|%26|%2F|%3C|%3E|%3F|%25){1,22})$",
              "grammar": "'urn:epc:tag:giai-202:' filter '.' gs1companyprefix '.' urnEscapedIndAssetRef",
              "field": [
                {
                  "seq": 1,
                  "decimalMinimum": "0",
                  "decimalMaximum": "7",
                  "characterSet": "[0-7]*",
                  "length": 1,
                  "padChar": "0",
                  "padDir": "LEFT",
                  "name": "filter"
                },
                {
                  "seq": 2,
                  "decimalMinimum": "0",
                  "decimalMaximum": "99999999",
                  "characterSet": "[0-9]*",
                  "length": 8,
                  "padChar": "0",
                  "padDir": "LEFT",
                  "name": "gs1companyprefix"
                },
                {
                  "seq": 3,
                  "characterSet": "(?:[A-Za-z0-9!'()*+,.:;=_-]|%22|%26|%2F|%3C|%3E|%3F|%25)*",
                  "name": "urnEscapedIndAssetRef"
                }
              ]
            },
            {
              "optionKey": "7",
              "pattern": "^urn:epc:tag:giai-202:([0-7]{1})\\.([0-9]{7})\\.((?:[A-Za-z0-9!'()*+,.:;=_-]|%22|%26|%2F|%3C|%3E|%3F|%25){1,23})$",
              "grammar": "'urn:epc:tag:giai-202:' filter '.' gs1companyprefix '.' urnEscapedIndAssetRef",
              "field": [
                {
                  "seq": 1,
                  "decimalMinimum": "0",
                  "decimalMaximum": "7",
                  "characterSet": "[0-7]*",
                  "length": 1,
                  "padChar": "0",
                  "padDir": "LEFT",
                  "name": "filter"
                },
                {
                  "seq": 2,
                  "decimalMinimum": "0",
                  "decimalMaximum": "9999999",
                  "characterSet": "[0-9]*",
                  "length": 7,
                  "padChar": "0",
                  "padDir": "LEFT",
                  "name": "gs1companyprefix"
                },
                {
                  "seq": 3,
                  "characterSet": "(?:[A-Za-z0-9!'()*+,.:;=_-]|%22|%26|%2F|%3C|%3E|%3F|%25)*",
                  "name": "urnEscapedIndAssetRef"
                }
              ]
            },
            {
              "optionKey": "6",
              "pattern": "^urn:epc:tag:giai-202:([0-7]{1})\\.([0-9]{6})\\.((?:[A-Za-z0-9!'()*+,.:;=_-]|%22|%26|%2F|%3C|%3E|%3F|%25){1,24})$",
              "grammar": "'urn:epc:tag:giai-202:' filter '.' gs1companyprefix '.' urnEscapedIndAssetRef",
              "field": [
                {
                  "seq": 1,
                  "decimalMinimum": "0",
                  "decimalMaximum": "7",
                  "characterSet": "[0-7]*",
                  "length": 1,
                  "padChar": "0",
                  "padDir": "LEFT",
                  "name": "filter"
                },
                {
                  "seq": 2,
                  "decimalMinimum": "0",
                  "decimalMaximum": "999999",
                  "characterSet": "[0-9]*",
                  "length": 6,
                  "padChar": "0",
                  "padDir": "LEFT",
                  "name": "gs1companyprefix"
                },
                {
                  "seq": 3,
                  "characterSet": "(?:[A-Za-z0-9!'()*+,.:;=_-]|%22|%26|%2F|%3C|%3E|%3F|%25)*",
                  "name": "urnEscapedIndAssetRef"
                }
              ]
            }
          ],
          "rule": [
            {
              "type": "EXTRACT",
              "inputFormat": "STRING",
              "seq": 1,
              "newFieldName": "indassetref",
              "characterSet": "[!%-?A-Z_a-z\\x22]*",
              "function": "URNDECODE(urnEscapedIndAssetRef)"
            },
            {
              "type": "FORMAT",
              "inputFormat": "STRING",
              "seq": 1,
              "newFieldName": "urnEscapedIndAssetRef",
              "characterSet": "(?:[A-Za-z0-9!'()*+,.:;=_-]|%22|%26|%2F|%3C|%3E|%3F|%25)*",
              "function": "URNENCODE(indassetref)"
            }
          ]
        },
        {
          "type": "PURE_IDENTITY",
          "prefixMatch": "urn:epc:id:giai",
          "option": [
            {
              "optionKey": "12",
              "pattern": "^urn:epc:id:giai:([0-9]{12})\\.((?:[A-Za-z0-9!'()*+,.:;=_-]|%22|%26|%2F|%3C|%3E|%3F|%25){1,18})$",
              "grammar": "'urn:epc:id:giai:' gs1companyprefix '.' urnEscapedIndAssetRef",
              "field": [
                {
                  "seq": 1,
                  "decimalMinimum": "0",
                  "decimalMaximum": "999999999999",
                  "characterSet": "[0-9]*",
                  "length": 12,
                  "padChar": "0",
                  "padDir": "LEFT",
                  "name": "gs1companyprefix"
                },
                {
                  "seq": 2,
                  "characterSet": "(?:[A-Za-z0-9!'()*+,.:;=_-]|%22|%26|%2F|%3C|%3E|%3F|%25)*",
                  "name": "urnEscapedIndAssetRef"
                }
              ]
            },
            {
              "optionKey": "11",
              "pattern": "^urn:epc:id:giai:([0-9]{11})\\.((?:[A-Za-z0-9!'()*+,.:;=_-]|%22|%26|%2F|%3C|%3E|%3F|%25){1,19})$",
              "grammar": "'urn:epc:id:giai:' gs1companyprefix '.' urnEscapedIndAssetRef",
              "field": [
                {
                  "seq": 1,
                  "decimalMinimum": "0",
                  "decimalMaximum": "99999999999",
                  "characterSet": "[0-9]*",
                  "length": 11,
                  "padChar": "0",
                  "padDir": "LEFT",
                  "name": "gs1companyprefix"
                },
                {
                  "seq": 2,
                  "characterSet": "(?:[A-Za-z0-9!'()*+,.:;=_-]|%22|%26|%2F|%3C|%3E|%3F|%25)*",
                  "name": "urnEscapedIndAssetRef"
                }
              ]
            },
            {
              "optionKey": "10",
              "pattern": "^urn:epc:id:giai:([0-9]{10})\\.((?:[A-Za-z0-9!'()*+,.:;=_-]|%22|%26|%2F|%3C|%3E|%3F|%25){1,20})$",
              "grammar": "'urn:epc:id:giai:' gs1companyprefix '.' urnEscapedIndAssetRef",
              "field": [
                {
                  "seq": 1,
                  "decimalMinimum": "0",
                  "decimalMaximum": "9999999999",
                  "characterSet": "[0-9]*",
                  "length": 10,
                  "padChar": "0",
                  "padDir": "LEFT",
                  "name": "gs1companyprefix"
                },
                {
                  "seq": 2,
                  "characterSet": "(?:[A-Za-z0-9!'()*+,.:;=_-]|%22|%26|%2F|%3C|%3E|%3F|%25)*",
                  "name": "urnEscapedIndAssetRef"
                }
              ]
            },
            {
              "optionKey": "9",
              "pattern": "^urn:epc:id:giai:([0-9]{9})\\.((?:[A-Za-z0-9!'()*+,.:;=_-]|%22|%26|%2F|%3C|%3E|%3F|%25){1,21})$",
              "grammar": "'urn:epc:id:giai:' gs1companyprefix '.' urnEscapedIndAssetRef",
              "field": [
                {
                  "seq": 1,
                  "decimalMinimum": "0",
                  "decimalMaximum": "999999999",
                  "characterSet": "[0-9]*",
                  "length": 9,
                  "padChar": "0",
                  "padDir": "LEFT",
                  "name": "gs1companyprefix"
                },
                {
                  "seq": 2,
                  "characterSet": "(?:[A-Za-z0-9!'()*+,.:;=_-]|%22|%26|%2F|%3C|%3E|%3F|%25)*",
                  "name": "urnEscapedIndAssetRef"
                }
              ]
            },
            {
              "optionKey": "8",
              "pattern": "^urn:epc:id:giai:([0-9]{8})\\.((?:[A-Za-z0-9!'()*+,.:;=_-]|%22|%26|%2F|%3C|%3E|%3F|%25){1,22})$",
              "grammar": "'urn:epc:id:giai:' gs1companyprefix '.' urnEscapedIndAssetRef",
              "field": [
                {
                  "seq": 1,
                  "decimalMinimum": "0",
                  "decimalMaximum": "99999999",
                  "characterSet": "[0-9]*",
                  "length": 8,
                  "padChar": "0",
                  "padDir": "LEFT",
                  "name": "gs1companyprefix"
                },
                {
                  "seq": 2,
                  "characterSet": "(?:[A-Za-z0-9!'()*+,.:;=_-]|%22|%26|%2F|%3C|%3E|%3F|%25)*",
                  "name": "urnEscapedIndAssetRef"
                }
              ]
            },
            {
              "optionKey": "7",
              "pattern": "^urn:epc:id:giai:([0-9]{7})\\.((?:[A-Za-z0-9!'()*+,.:;=_-]|%22|%26|%2F|%3C|%3E|%3F|%25){1,23})$",
              "grammar": "'urn:epc:id:giai:' gs1companyprefix '.' urnEscapedIndAssetRef",
              "field": [
                {
                  "seq": 1,
                  "decimalMinimum": "0",
                  "decimalMaximum": "9999999",
                  "characterSet": "[0-9]*",
                  "length": 7,
                  "padChar": "0",
                  "padDir": "LEFT",
                  "name": "gs1companyprefix"
                },
                {
                  "seq": 2,
                  "characterSet": "(?:[A-Za-z0-9!'()*+,.:;=_-]|%22|%26|%2F|%3C|%3E|%3F|%25)*",
                  "name": "urnEscapedIndAssetRef"
                }
              ]
            },
            {
              "optionKey": "6",
              "pattern": "^urn:epc:id:giai:([0-9]{6})\\.((?:[A-Za-z0-9!'()*+,.:;=_-]|%22|%26|%2F|%3C|%3E|%3F|%25){1,24})$",
              "grammar": "'urn:epc:id:giai:' gs1companyprefix '.' urnEscapedIndAssetRef",
              "field": [
                {
                  "seq": 1,
                  "decimalMinimum": "0",
                  "decimalMaximum": "999999",
                  "characterSet": "[0-9]*",
                  "length": 6,
                  "padChar": "0",
                  "padDir": "LEFT",
                  "name": "gs1companyprefix"
                },
                {
                  "seq": 2,
                  "characterSet": "(?:[A-Za-z0-9!'()*+,.:;=_-]|%22|%26|%2F|%3C|%3E|%3F|%25)*",
                  "name": "urnEscapedIndAssetRef"
                }
              ]
            }
          ],
          "rule": [
            {
              "type": "EXTRACT",
              "inputFormat": "STRING",
              "seq": 1,
              "newFieldName": "indassetref",
              "characterSet": "[!%-?A-Z_a-z\\x22]*",
              "function": "URNDECODE(urnEscapedIndAssetRef)"
            },
            {
              "type": "FORMAT",
              "inputFormat": "STRING",
              "seq": 1,
              "newFieldName": "urnEscapedIndAssetRef",
              "characterSet": "(?:[A-Za-z0-9!'()*+,.:;=_-]|%22|%26|%2F|%3C|%3E|%3F|%25)*",
              "function": "URNENCODE(indassetref)"
            }
          ]
        },
        {
          "type": "BARE_IDENTIFIER",
          "prefixMatch": "giai=",
          "requiredParsingParameters": "gs1companyprefixlength",
          "option": [
            {
              "optionKey": "12",
              "pattern": "^giai=([0-9]{12})([!%-?A-Z_a-z\\x22]{1,18})$",
              "grammar": "'giai=' gs1companyprefix indassetref",
              "field": [
                {
                  "seq": 1,
                  "decimalMinimum": "0",
                  "decimalMaximum": "999999999999",
                  "characterSet": "[0-9]*",
                  "length": 12,
                  "padChar": "0",
                  "padDir": "LEFT",
                  "name": "gs1companyprefix",
                  "gcpOffset": 0
                },
                {
                  "seq": 2,
                  "characterSet": "[!%-?A-Z_a-z\\x22]*",
                  "name": "indassetref"
                }
              ]
            },
            {
              "optionKey": "11",
              "pattern": "^giai=([0-9]{11})([!%-?A-Z_a-z\\x22]{1,19})$",
              "grammar": "'giai=' gs1companyprefix indassetref",
              "field": [
                {
                  "seq": 1,
                  "decimalMinimum": "0",
                  "decimalMaximum": "99999999999",
                  "characterSet": "[0-9]*",
                  "length": 11,
                  "padChar": "0",
                  "padDir": "LEFT",
                  "name": "gs1companyprefix",
                  "gcpOffset": 0
                },
                {
                  "seq": 2,
                  "characterSet": "[!%-?A-Z_a-z\\x22]*",
                  "name": "indassetref"
                }
              ]
            },
            {
              "optionKey": "10",
              "pattern": "^giai=([0-9]{10})([!%-?A-Z_a-z\\x22]{1,20})$",
              "grammar": "'giai=' gs1companyprefix indassetref",
              "field": [
                {
                  "seq": 1,
                  "decimalMinimum": "0",
                  "decimalMaximum": "9999999999",
                  "characterSet": "[0-9]*",
                  "length": 10,
                  "padChar": "0",
                  "padDir": "LEFT",
                  "name": "gs1companyprefix",
                  "gcpOffset": 0
                },
                {
                  "seq": 2,
                  "characterSet": "[!%-?A-Z_a-z\\x22]*",
                  "name": "indassetref"
                }
              ]
            },
            {
              "optionKey": "9",
              "pattern": "^giai=([0-9]{9})([!%-?A-Z_a-z\\x22]{1,21})$",
              "grammar": "'giai=' gs1companyprefix indassetref",
              "field": [
                {
                  "seq": 1,
                  "decimalMinimum": "0",
                  "decimalMaximum": "999999999",
                  "characterSet": "[0-9]*",
                  "length": 9,
                  "padChar": "0",
                  "padDir": "LEFT",
                  "name": "gs1companyprefix",
                  "gcpOffset": 0
                },
                {
                  "seq": 2,
                  "characterSet": "[!%-?A-Z_a-z\\x22]*",
                  "name": "indassetref"
                }
              ]
            },
            {
              "optionKey": "8",
              "pattern": "^giai=([0-9]{8})([!%-?A-Z_a-z\\x22]{1,22})$",
              "grammar": "'giai=' gs1companyprefix indassetref",
              "field": [
                {
                  "seq": 1,
                  "decimalMinimum": "0",
                  "decimalMaximum": "99999999",
                  "characterSet": "[0-9]*",
                  "length": 8,
                  "padChar": "0",
                  "padDir": "LEFT",
                  "name": "gs1companyprefix",
                  "gcpOffset": 0
                },
                {
                  "seq": 2,
                  "characterSet": "[!%-?A-Z_a-z\\x22]*",
                  "name": "indassetref"
                }
              ]
            },
            {
              "optionKey": "7",
              "pattern": "^giai=([0-9]{7})([!%-?A-Z_a-z\\x22]{1,23})$",
              "grammar": "'giai=' gs1companyprefix indassetref",
              "field": [
                {
                  "seq": 1,
                  "decimalMinimum": "0",
                  "decimalMaximum": "9999999",
                  "characterSet": "[0-9]*",
                  "length": 7,
                  "padChar": "0",
                  "padDir": "LEFT",
                  "name": "gs1companyprefix",
                  "gcpOffset": 0
                },
                {
                  "seq": 2,
                  "characterSet": "[!%-?A-Z_a-z\\x22]*",
                  "name": "indassetref"
                }
              ]
            },
            {
              "optionKey": "6",
              "pattern": "^giai=([0-9]{6})([!%-?A-Z_a-z\\x22]{1,24})$",
              "grammar": "'giai=' gs1companyprefix indassetref",
              "field": [
                {
                  "seq": 1,
                  "decimalMinimum": "0",
                  "decimalMaximum": "999999",
                  "characterSet": "[0-9]*",
                  "length": 6,
                  "padChar": "0",
                  "padDir": "LEFT",
                  "name": "gs1companyprefix",
                  "gcpOffset": 0
                },
                {
                  "seq": 2,
                  "characterSet": "[!%-?A-Z_a-z\\x22]*",
                  "name": "indassetref"
                }
              ]
            }
          ]
        },
        {
          "type": "GS1_AI_JSON",
          "prefixMatch": "{",
          "requiredParsingParameters": "gs1companyprefixlength",
          "option": [
            {
              "optionKey": "12",
              "pattern": "^\\{\\s*\"8004\"\\s*:\\s*\"([0-9]{12})((?:[!%-?A-Z_a-z]|\\\\\"){1,18})\"",
              "grammar": "'{\"8004\":\"' gs1companyprefix indassetref '\"}'",
              "aiSequence": [
                "8004"
              ],
              "field": [
                {
                  "seq": 1,
                  "decimalMinimum": "0",
                  "decimalMaximum": "999999999999",
                  "characterSet": "[0-9]*",
                  "length": 12,
                  "padChar": "0",
                  "padDir": "LEFT",
                  "name": "gs1companyprefix",
                  "gcpOffset": 0
                },
                {
                  "seq": 2,
                  "characterSet": "[!%-?A-Z_a-z\\x22]*",
                  "name": "indassetref"
                }
              ]
            },
            {
              "optionKey": "11",
              "pattern": "^\\{\\s*\"8004\"\\s*:\\s*\"([0-9]{11})((?:[!%-?A-Z_a-z]|\\\\\"){1,19})\"",
              "grammar": "'{\"8004\":\"' gs1companyprefix indassetref '\"}'",
              "aiSequence": [
                "8004"
              ],
              "field": [
                {
                  "seq": 1,
                  "decimalMinimum": "0",
                  "decimalMaximum": "99999999999",
                  "characterSet": "[0-9]*",
                  "length": 11,
                  "padChar": "0",
                  "padDir": "LEFT",
                  "name": "gs1companyprefix",
                  "gcpOffset": 0
                },
                {
                  "seq": 2,
                  "characterSet": "[!%-?A-Z_a-z\\x22]*",
                  "name": "indassetref"
                }
              ]
            },
            {
              "optionKey": "10",
              "pattern": "^\\{\\s*\"8004\"\\s*:\\s*\"([0-9]{10})((?:[!%-?A-Z_a-z]|\\\\\"){1,20})\"",
              "grammar": "'{\"8004\":\"' gs1companyprefix indassetref '\"}'",
              "aiSequence": [
                "8004"
              ],
              "field": [
                {
                  "seq": 1,
                  "decimalMinimum": "0",
                  "decimalMaximum": "9999999999",
                  "characterSet": "[0-9]*",
                  "length": 10,
                  "padChar": "0",
                  "padDir": "LEFT",
                  "name": "gs1companyprefix",
                  "gcpOffset": 0
                },
                {
                  "seq": 2,
                  "characterSet": "[!%-?A-Z_a-z\\x22]*",
                  "name": "indassetref"
                }
              ]
            },
            {
              "optionKey": "9",
              "pattern": "^\\{\\s*\"8004\"\\s*:\\s*\"([0-9]{9})((?:[!%-?A-Z_a-z]|\\\\\"){1,21})\"",
              "grammar": "'{\"8004\":\"' gs1companyprefix indassetref '\"}'",
              "aiSequence": [
                "8004"
              ],
              "field": [
                {
                  "seq": 1,
                  "decimalMinimum": "0",
                  "decimalMaximum": "999999999",
                  "characterSet": "[0-9]*",
                  "length": 9,
                  "padChar": "0",
                  "padDir": "LEFT",
                  "name": "gs1companyprefix",
                  "gcpOffset": 0
                },
                {
                  "seq": 2,
                  "characterSet": "[!%-?A-Z_a-z\\x22]*",
                  "name": "indassetref"
                }
              ]
            },
            {
              "optionKey": "8",
              "pattern": "^\\{\\s*\"8004\"\\s*:\\s*\"([0-9]{8})((?:[!%-?A-Z_a-z]|\\\\\"){1,22})\"",
              "grammar": "'{\"8004\":\"' gs1companyprefix indassetref '\"}'",
              "aiSequence": [
                "8004"
              ],
              "field": [
                {
                  "seq": 1,
                  "decimalMinimum": "0",
                  "decimalMaximum": "99999999",
                  "characterSet": "[0-9]*",
                  "length": 8,
                  "padChar": "0",
                  "padDir": "LEFT",
                  "name": "gs1companyprefix",
                  "gcpOffset": 0
                },
                {
                  "seq": 2,
                  "characterSet": "[!%-?A-Z_a-z\\x22]*",
                  "name": "indassetref"
                }
              ]
            },
            {
              "optionKey": "7",
              "pattern": "^\\{\\s*\"8004\"\\s*:\\s*\"([0-9]{7})((?:[!%-?A-Z_a-z]|\\\\\"){1,23})\"",
              "grammar": "'{\"8004\":\"' gs1companyprefix indassetref '\"}'",
              "aiSequence": [
                "8004"
              ],
              "field": [
                {
                  "seq": 1,
                  "decimalMinimum": "0",
                  "decimalMaximum": "9999999",
                  "characterSet": "[0-9]*",
                  "length": 7,
                  "padChar": "0",
                  "padDir": "LEFT",
                  "name": "gs1companyprefix",
                  "gcpOffset": 0
                },
                {
                  "seq": 2,
                  "characterSet": "[!%-?A-Z_a-z\\x22]*",
                  "name": "indassetref"
                }
              ]
            },
            {
              "optionKey": "6",
              "pattern": "^\\{\\s*\"8004\"\\s*:\\s*\"([0-9]{6})((?:[!%-?A-Z_a-z]|\\\\\"){1,24})\"",
              "grammar": "'{\"8004\":\"' gs1companyprefix indassetref '\"}'",
              "aiSequence": [
                "8004"
              ],
              "field": [
                {
                  "seq": 1,
                  "decimalMinimum": "0",
                  "decimalMaximum": "999999",
                  "characterSet": "[0-9]*",
                  "length": 6,
                  "padChar": "0",
                  "padDir": "LEFT",
                  "name": "gs1companyprefix",
                  "gcpOffset": 0
                },
                {
                  "seq": 2,
                  "characterSet": "[!%-?A-Z_a-z\\x22]*",
                  "name": "indassetref"
                }
              ]
            }
          ]
        },
        {
          "type": "GS1_DIGITAL_LINK",
          "prefixMatch": "http",
          "requiredFormattingParameters": "uriStem",
          "requiredParsingParameters": "gs1companyprefixlength",
          "option": [
            {
              "optionKey": "12",
              "pattern": "\\/8004\\/([0-9]{12})((?:[A-Za-z0-9\"._-]|%21|%26|%27|%28|%29|%2A|%2B|%2C|%2F|%3A|%3B|%3C|%3D|%3E|%3F|%25){1,18})(?:\\?|$)",
              "grammar": "uriStem '/8004/' gs1companyprefix urlEscapedIndAssetRef",
              "field": [
                {
                  "seq": 1,
                  "decimalMinimum": "0",
                  "decimalMaximum": "999999999999",
                  "characterSet": "[0-9]*",
                  "length": 12,
                  "padChar": "0",
                  "padDir": "LEFT",
                  "name": "gs1companyprefix",
                  "gcpOffset": 0
                },
                {
                  "seq": 2,
                  "characterSet": "(?:[A-Za-z0-9\"._-]|%21|%26|%27|%28|%29|%2A|%2B|%2C|%2F|%3A|%3B|%3C|%3D|%3E|%3F|%25)*",
                  "name": "urlEscapedIndAssetRef"
                }
              ],
              "aiSequence": [
                "8004"
              ]
            },
            {
              "optionKey": "11",
              "pattern": "\\/8004\\/([0-9]{11})((?:[A-Za-z0-9\"._-]|%21|%26|%27|%28|%29|%2A|%2B|%2C|%2F|%3A|%3B|%3C|%3D|%3E|%3F|%25){1,19})(?:\\?|$)",
              "grammar": "uriStem '/8004/' gs1companyprefix urlEscapedIndAssetRef",
              "field": [
                {
                  "seq": 1,
                  "decimalMinimum": "0",
                  "decimalMaximum": "99999999999",
                  "characterSet": "[0-9]*",
                  "length": 11,
                  "padChar": "0",
                  "padDir": "LEFT",
                  "name": "gs1companyprefix",
                  "gcpOffset": 0
                },
                {
                  "seq": 2,
                  "characterSet": "(?:[A-Za-z0-9\"._-]|%21|%26|%27|%28|%29|%2A|%2B|%2C|%2F|%3A|%3B|%3C|%3D|%3E|%3F|%25)*",
                  "name": "urlEscapedIndAssetRef"
                }
              ],
              "aiSequence": [
                "8004"
              ]
            },
            {
              "optionKey": "10",
              "pattern": "\\/8004\\/([0-9]{10})((?:[A-Za-z0-9\"._-]|%21|%26|%27|%28|%29|%2A|%2B|%2C|%2F|%3A|%3B|%3C|%3D|%3E|%3F|%25){1,20})(?:\\?|$)",
              "grammar": "uriStem '/8004/' gs1companyprefix urlEscapedIndAssetRef",
              "field": [
                {
                  "seq": 1,
                  "decimalMinimum": "0",
                  "decimalMaximum": "9999999999",
                  "characterSet": "[0-9]*",
                  "length": 10,
                  "padChar": "0",
                  "padDir": "LEFT",
                  "name": "gs1companyprefix",
                  "gcpOffset": 0
                },
                {
                  "seq": 2,
                  "characterSet": "(?:[A-Za-z0-9\"._-]|%21|%26|%27|%28|%29|%2A|%2B|%2C|%2F|%3A|%3B|%3C|%3D|%3E|%3F|%25)*",
                  "name": "urlEscapedIndAssetRef"
                }
              ],
              "aiSequence": [
                "8004"
              ]
            },
            {
              "optionKey": "9",
              "pattern": "\\/8004\\/([0-9]{9})((?:[A-Za-z0-9\"._-]|%21|%26|%27|%28|%29|%2A|%2B|%2C|%2F|%3A|%3B|%3C|%3D|%3E|%3F|%25){1,21})(?:\\?|$)",
              "grammar": "uriStem '/8004/' gs1companyprefix urlEscapedIndAssetRef",
              "field": [
                {
                  "seq": 1,
                  "decimalMinimum": "0",
                  "decimalMaximum": "999999999",
                  "characterSet": "[0-9]*",
                  "length": 9,
                  "padChar": "0",
                  "padDir": "LEFT",
                  "name": "gs1companyprefix",
                  "gcpOffset": 0
                },
                {
                  "seq": 2,
                  "characterSet": "(?:[A-Za-z0-9\"._-]|%21|%26|%27|%28|%29|%2A|%2B|%2C|%2F|%3A|%3B|%3C|%3D|%3E|%3F|%25)*",
                  "name": "urlEscapedIndAssetRef"
                }
              ],
              "aiSequence": [
                "8004"
              ]
            },
            {
              "optionKey": "8",
              "pattern": "\\/8004\\/([0-9]{8})((?:[A-Za-z0-9\"._-]|%21|%26|%27|%28|%29|%2A|%2B|%2C|%2F|%3A|%3B|%3C|%3D|%3E|%3F|%25){1,22})(?:\\?|$)",
              "grammar": "uriStem '/8004/' gs1companyprefix urlEscapedIndAssetRef",
              "field": [
                {
                  "seq": 1,
                  "decimalMinimum": "0",
                  "decimalMaximum": "99999999",
                  "characterSet": "[0-9]*",
                  "length": 8,
                  "padChar": "0",
                  "padDir": "LEFT",
                  "name": "gs1companyprefix",
                  "gcpOffset": 0
                },
                {
                  "seq": 2,
                  "characterSet": "(?:[A-Za-z0-9\"._-]|%21|%26|%27|%28|%29|%2A|%2B|%2C|%2F|%3A|%3B|%3C|%3D|%3E|%3F|%25)*",
                  "name": "urlEscapedIndAssetRef"
                }
              ],
              "aiSequence": [
                "8004"
              ]
            },
            {
              "optionKey": "7",
              "pattern": "\\/8004\\/([0-9]{7})((?:[A-Za-z0-9\"._-]|%21|%26|%27|%28|%29|%2A|%2B|%2C|%2F|%3A|%3B|%3C|%3D|%3E|%3F|%25){1,23})(?:\\?|$)",
              "grammar": "uriStem '/8004/' gs1companyprefix urlEscapedIndAssetRef",
              "field": [
                {
                  "seq": 1,
                  "decimalMinimum": "0",
                  "decimalMaximum": "9999999",
                  "characterSet": "[0-9]*",
                  "length": 7,
                  "padChar": "0",
                  "padDir": "LEFT",
                  "name": "gs1companyprefix",
                  "gcpOffset": 0
                },
                {
                  "seq": 2,
                  "characterSet": "(?:[A-Za-z0-9\"._-]|%21|%26|%27|%28|%29|%2A|%2B|%2C|%2F|%3A|%3B|%3C|%3D|%3E|%3F|%25)*",
                  "name": "urlEscapedIndAssetRef"
                }
              ],
              "aiSequence": [
                "8004"
              ]
            },
            {
              "optionKey": "6",
              "pattern": "\\/8004\\/([0-9]{6})((?:[A-Za-z0-9\"._-]|%21|%26|%27|%28|%29|%2A|%2B|%2C|%2F|%3A|%3B|%3C|%3D|%3E|%3F|%25){1,24})(?:\\?|$)",
              "grammar": "uriStem '/8004/' gs1companyprefix urlEscapedIndAssetRef",
              "field": [
                {
                  "seq": 1,
                  "decimalMinimum": "0",
                  "decimalMaximum": "999999",
                  "characterSet": "[0-9]*",
                  "length": 6,
                  "padChar": "0",
                  "padDir": "LEFT",
                  "name": "gs1companyprefix",
                  "gcpOffset": 0
                },
                {
                  "seq": 2,
                  "characterSet": "(?:[A-Za-z0-9\"._-]|%21|%26|%27|%28|%29|%2A|%2B|%2C|%2F|%3A|%3B|%3C|%3D|%3E|%3F|%25)*",
                  "name": "urlEscapedIndAssetRef"
                }
              ],
              "aiSequence": [
                "8004"
              ]
            }
          ],
          "rule": [
            {
              "type": "EXTRACT",
              "inputFormat": "STRING",
              "seq": 1,
              "newFieldName": "indassetref",
              "characterSet": "[!%-?A-Z_a-z\\x22]*",
              "function": "URLDECODE(urlEscapedIndAssetRef)"
            },
            {
              "type": "FORMAT",
              "inputFormat": "STRING",
              "seq": 1,
              "newFieldName": "urlEscapedIndAssetRef",
              "characterSet": "(?:[A-Za-z0-9!'()*+,.:;=_-]|%22|%26|%2F|%3C|%3E|%3F|%25)*",
              "function": "URLENCODE(indassetref)"
            }
          ],
          "gs1DigitalLinkKeyQualifiers": []
        }
      ]
    }
  }
}