{
  "tdt:epcTagDataTranslation": {
    "version": "2.2",
    "date": "2024-11-18T16:30:00Z",
    "epcTDSVersion": "2.2",
    "scheme": {
      "name": "GRAI+",
      "optionKey": "1",
      "level": [
        {
          "type": "BINARY",
          "prefixMatch": "11110001",
          "requiredFormattingParameters": "filter,dataToggle",
          "option": [
            {
              "optionKey": "1",
              "pattern": "^11110001([01])([01]{3})",
              "grammar": "'11110001' dataToggle filter encodedAI",
              "field": [
                {
                  "seq": 1,
                  "decimalMinimum": "0",
                  "decimalMaximum": "1",
                  "characterSet": "[01]*",
                  "bitPadDir": "LEFT",
                  "bitLength": 1,
                  "name": "dataToggle"
                },
                {
                  "seq": 2,
                  "decimalMinimum": "0",
                  "decimalMaximum": "7",
                  "characterSet": "[01]*",
                  "bitPadDir": "LEFT",
                  "bitLength": 3,
                  "name": "filter"
                }
              ],
              "encodedAI": [
                {
                  "ai": "8003",
                  "name": "valueOf8003",
                  "seq": 3
                }
              ]
            }
          ]
        },
        {
          "type": "BARE_IDENTIFIER",
          "prefixMatch": "grai=",
          "option": [
            {
              "optionKey": "1",
              "pattern": "^grai=(0[0-9]{13}[!%-?A-Z_a-z\\x22]{1,16})$",
              "grammar": "'grai=' valueOf8003 ",
              "field": [
                {
                  "seq": 1,
                  "characterSet": "[!%-?A-Z_a-z\\x22]*",
                  "name": "valueOf8003"
                }
              ]
            }
          ]
        },
        {
          "type": "GS1_AI_JSON",
          "prefixMatch": "{",
          "option": [
            {
              "optionKey": "1",
              "pattern": "^\\{\\s*\"8003\"\\s*:\\s*\"(0[0-9]{13}(?:[!%-?A-Z_a-z]|\\\\\"){1,16})\"",
              "grammar": "'{\"8003\":\"' valueOf8003 '\"}'",
              "aiSequence": [
                "8003"
              ],
              "field": [
                {
                  "seq": 1,
                  "characterSet": "[!%-?A-Z_a-z\\x22]*",
                  "name": "valueOf8003"
                }
              ]
            }
          ]
        },
        {
          "type": "GS1_DIGITAL_LINK",
          "prefixMatch": "http",
          "requiredFormattingParameters": "uriStem",
          "option": [
            {
              "optionKey": "1",
              "pattern": "\\/8003\\/(0[0-9]{13}(?:[A-Za-z0-9\"._-]|%21|%26|%27|%28|%29|%2A|%2B|%2C|%2F|%3A|%3B|%3C|%3D|%3E|%3F|%25){1,16})(?:\\?|$)",
              "grammar": "uriStem '/8003/' urlEscapedValueOf8003 ",
              "field": [
                {
                  "seq": 1,
                  "characterSet": "(?:[A-Za-z0-9\"._-]|%21|%26|%27|%28|%29|%2A|%2B|%2C|%2F|%3A|%3B|%3C|%3D|%3E|%3F|%25)*",
                  "name": "urlEscapedValueOf8003"
                }
              ],
              "aiSequence": [
                "8003"
              ]
            }
          ],
          "rule": [
            {
              "type": "EXTRACT",
              "inputFormat": "STRING",
              "seq": 1,
              "newFieldName": "valueOf8003",
              "characterSet": "[!%-?A-Z_a-z\\x22]*",
              "function": "URLDECODE(urlEscapedValueOf8003)"
            },
            {
              "type": "FORMAT",
              "inputFormat": "STRING",
              "seq": 1,
              "newFieldName": "urlEscapedValueOf8003",
              "characterSet": "(?:[A-Za-z0-9\"._-]|%21|%26|%27|%28|%29|%2A|%2B|%2C|%2F|%3A|%3B|%3C|%3D|%3E|%3F|%25)*",
              "function": "URLENCODE(valueOf8003)"
            }
          ],
          "gs1DigitalLinkKeyQualifiers": []
        }
      ]
    }
  }
}