{
  "tdt:epcTagDataTranslation": {
    "version": "2.2",
    "date": "2024-11-18T16:30:00Z",
    "epcTDSVersion": "2.2",
    "scheme": {
      "name": "SGCN-96",
      "optionKey": "gs1companyprefixlength",
      "tagLength": 96,
      "level": [
        {
          "type": "BINARY",
          "prefixMatch": "00111111",
          "requiredFormattingParameters": "filter,tagLength",
          "option": [
            {
              "optionKey": "12",
              "pattern": "^00111111([01]{3})000([01]{40})(0)([01]{41})",
              "grammar": "'00111111' filter '000' gs1companyprefix couponref prependedserial",
              "field": [
                {
                  "seq": 1,
                  "decimalMinimum": "0",
                  "decimalMaximum": "7",
                  "characterSet": "[01]*",
                  "bitPadDir": "LEFT",
                  "bitLength": 3,
                  "name": "filter",
                  "length": 1
                },
                {
                  "seq": 2,
                  "decimalMinimum": "0",
                  "decimalMaximum": "999999999999",
                  "characterSet": "[01]*",
                  "bitPadDir": "LEFT",
                  "bitLength": 40,
                  "name": "gs1companyprefix",
                  "length": 12
                },
                {
                  "seq": 3,
                  "decimalMinimum": "0",
                  "decimalMaximum": "0",
                  "characterSet": "[01]*",
                  "bitPadDir": "LEFT",
                  "bitLength": 1,
                  "name": "couponref",
                  "length": 0
                },
                {
                  "seq": 4,
                  "decimalMinimum": "10",
                  "decimalMaximum": "1999999999999",
                  "characterSet": "[01]*",
                  "bitPadDir": "LEFT",
                  "bitLength": 41,
                  "name": "prependedserial"
                }
              ]
            },
            {
              "optionKey": "11",
              "pattern": "^00111111([01]{3})001([01]{37})([01]{4})([01]{41})",
              "grammar": "'00111111' filter '001' gs1companyprefix couponref prependedserial",
              "field": [
                {
                  "seq": 1,
                  "decimalMinimum": "0",
                  "decimalMaximum": "7",
                  "characterSet": "[01]*",
                  "bitPadDir": "LEFT",
                  "bitLength": 3,
                  "name": "filter",
                  "length": 1
                },
                {
                  "seq": 2,
                  "decimalMinimum": "0",
                  "decimalMaximum": "99999999999",
                  "characterSet": "[01]*",
                  "bitPadDir": "LEFT",
                  "bitLength": 37,
                  "name": "gs1companyprefix",
                  "length": 11
                },
                {
                  "seq": 3,
                  "decimalMinimum": "0",
                  "decimalMaximum": "9",
                  "characterSet": "[01]*",
                  "bitPadDir": "LEFT",
                  "bitLength": 4,
                  "name": "couponref",
                  "length": 1
                },
                {
                  "seq": 4,
                  "decimalMinimum": "10",
                  "decimalMaximum": "1999999999999",
                  "characterSet": "[01]*",
                  "bitPadDir": "LEFT",
                  "bitLength": 41,
                  "name": "prependedserial"
                }
              ]
            },
            {
              "optionKey": "10",
              "pattern": "^00111111([01]{3})010([01]{34})([01]{7})([01]{41})",
              "grammar": "'00111111' filter '010' gs1companyprefix couponref prependedserial",
              "field": [
                {
                  "seq": 1,
                  "decimalMinimum": "0",
                  "decimalMaximum": "7",
                  "characterSet": "[01]*",
                  "bitPadDir": "LEFT",
                  "bitLength": 3,
                  "name": "filter",
                  "length": 1
                },
                {
                  "seq": 2,
                  "decimalMinimum": "0",
                  "decimalMaximum": "9999999999",
                  "characterSet": "[01]*",
                  "bitPadDir": "LEFT",
                  "bitLength": 34,
                  "name": "gs1companyprefix",
                  "length": 10
                },
                {
                  "seq": 3,
                  "decimalMinimum": "0",
                  "decimalMaximum": "99",
                  "characterSet": "[01]*",
                  "bitPadDir": "LEFT",
                  "bitLength": 7,
                  "name": "couponref",
                  "length": 2
                },
                {
                  "seq": 4,
                  "decimalMinimum": "10",
                  "decimalMaximum": "1999999999999",
                  "characterSet": "[01]*",
                  "bitPadDir": "LEFT",
                  "bitLength": 41,
                  "name": "prependedserial"
                }
              ]
            },
            {
              "optionKey": "9",
              "pattern": "^00111111([01]{3})011([01]{30})([01]{11})([01]{41})",
              "grammar": "'00111111' filter '011' gs1companyprefix couponref prependedserial",
              "field": [
                {
                  "seq": 1,
                  "decimalMinimum": "0",
                  "decimalMaximum": "7",
                  "characterSet": "[01]*",
                  "bitPadDir": "LEFT",
                  "bitLength": 3,
                  "name": "filter",
                  "length": 1
                },
                {
                  "seq": 2,
                  "decimalMinimum": "0",
                  "decimalMaximum": "999999999",
                  "characterSet": "[01]*",
                  "bitPadDir": "LEFT",
                  "bitLength": 30,
                  "name": "gs1companyprefix",
                  "length": 9
                },
                {
                  "seq": 3,
                  "decimalMinimum": "0",
                  "decimalMaximum": "999",
                  "characterSet": "[01]*",
                  "bitPadDir": "LEFT",
                  "bitLength": 11,
                  "name": "couponref",
                  "length": 3
                },
                {
                  "seq": 4,
                  "decimalMinimum": "10",
                  "decimalMaximum": "1999999999999",
                  "characterSet": "[01]*",
                  "bitPadDir": "LEFT",
                  "bitLength": 41,
                  "name": "prependedserial"
                }
              ]
            },
            {
              "optionKey": "8",
              "pattern": "^00111111([01]{3})100([01]{27})([01]{14})([01]{41})",
              "grammar": "'00111111' filter '100' gs1companyprefix couponref prependedserial",
              "field": [
                {
                  "seq": 1,
                  "decimalMinimum": "0",
                  "decimalMaximum": "7",
                  "characterSet": "[01]*",
                  "bitPadDir": "LEFT",
                  "bitLength": 3,
                  "name": "filter",
                  "length": 1
                },
                {
                  "seq": 2,
                  "decimalMinimum": "0",
                  "decimalMaximum": "99999999",
                  "characterSet": "[01]*",
                  "bitPadDir": "LEFT",
                  "bitLength": 27,
                  "name": "gs1companyprefix",
                  "length": 8
                },
                {
                  "seq": 3,
                  "decimalMinimum": "0",
                  "decimalMaximum": "9999",
                  "characterSet": "[01]*",
                  "bitPadDir": "LEFT",
                  "bitLength": 14,
                  "name": "couponref",
                  "length": 4
                },
                {
                  "seq": 4,
                  "decimalMinimum": "10",
                  "decimalMaximum": "1999999999999",
                  "characterSet": "[01]*",
                  "bitPadDir": "LEFT",
                  "bitLength": 41,
                  "name": "prependedserial"
                }
              ]
            },
            {
              "optionKey": "7",
              "pattern": "^00111111([01]{3})101([01]{24})([01]{17})([01]{41})",
              "grammar": "'00111111' filter '101' gs1companyprefix couponref prependedserial",
              "field": [
                {
                  "seq": 1,
                  "decimalMinimum": "0",
                  "decimalMaximum": "7",
                  "characterSet": "[01]*",
                  "bitPadDir": "LEFT",
                  "bitLength": 3,
                  "name": "filter",
                  "length": 1
                },
                {
                  "seq": 2,
                  "decimalMinimum": "0",
                  "decimalMaximum": "9999999",
                  "characterSet": "[01]*",
                  "bitPadDir": "LEFT",
                  "bitLength": 24,
                  "name": "gs1companyprefix",
                  "length": 7
                },
                {
                  "seq": 3,
                  "decimalMinimum": "0",
                  "decimalMaximum": "99999",
                  "characterSet": "[01]*",
                  "bitPadDir": "LEFT",
                  "bitLength": 17,
                  "name": "couponref",
                  "length": 5
                },
                {
                  "seq": 4,
                  "decimalMinimum": "10",
                  "decimalMaximum": "1999999999999",
                  "characterSet": "[01]*",
                  "bitPadDir": "LEFT",
                  "bitLength": 41,
                  "name": "prependedserial"
                }
              ]
            },
            {
              "optionKey": "6",
              "pattern": "^00111111([01]{3})110([01]{20})([01]{21})([01]{41})",
              "grammar": "'00111111' filter '110' gs1companyprefix couponref prependedserial",
              "field": [
                {
                  "seq": 1,
                  "decimalMinimum": "0",
                  "decimalMaximum": "7",
                  "characterSet": "[01]*",
                  "bitPadDir": "LEFT",
                  "bitLength": 3,
                  "name": "filter",
                  "length": 1
                },
                {
                  "seq": 2,
                  "decimalMinimum": "0",
                  "decimalMaximum": "999999",
                  "characterSet": "[01]*",
                  "bitPadDir": "LEFT",
                  "bitLength": 20,
                  "name": "gs1companyprefix",
                  "length": 6
                },
                {
                  "seq": 3,
                  "decimalMinimum": "0",
                  "decimalMaximum": "999999",
                  "characterSet": "[01]*",
                  "bitPadDir": "LEFT",
                  "bitLength": 21,
                  "name": "couponref",
                  "length": 6
                },
                {
                  "seq": 4,
                  "decimalMinimum": "10",
                  "decimalMaximum": "1999999999999",
                  "characterSet": "[01]*",
                  "bitPadDir": "LEFT",
                  "bitLength": 41,
                  "name": "prependedserial"
                }
              ]
            }
          ],
          "rule": [
            {
              "type": "EXTRACT",
              "inputFormat": "STRING",
              "seq": 1,
              "newFieldName": "serial",
              "characterSet": "[0-9]*",
              "function": "SUBSTR(prependedserial,1)"
            },
            {
              "type": "FORMAT",
              "inputFormat": "STRING",
              "seq": 1,
              "newFieldName": "prependedserial",
              "characterSet": "[0-9]*",
              "function": "CONCAT('1',serial)"
            }
          ]
        },
        {
          "type": "TAG_ENCODING",
          "prefixMatch": "urn:epc:tag:sgcn-96",
          "requiredFormattingParameters": "filter,tagLength",
          "option": [
            {
              "optionKey": "12",
              "pattern": "^urn:epc:tag:sgcn-96:([0-7]{1})\\.([0-9]{12})\\.()\\.([0-9]{1,12})$",
              "grammar": "'urn:epc:tag:sgcn-96:' filter '.' gs1companyprefix '.' couponref '.' serial",
              "field": [
                {
                  "seq": 1,
                  "decimalMinimum": "0",
                  "decimalMaximum": "7",
                  "characterSet": "[0-7]*",
                  "length": 1,
                  "padChar": "0",
                  "padDir": "LEFT",
                  "name": "filter"
                },
                {
                  "seq": 2,
                  "decimalMinimum": "0",
                  "decimalMaximum": "999999999999",
                  "characterSet": "[0-9]*",
                  "length": 12,
                  "padChar": "0",
                  "padDir": "LEFT",
                  "name": "gs1companyprefix"
                },
                {
                  "seq": 3,
                  "decimalMinimum": "0",
                  "decimalMaximum": "0",
                  "characterSet": "[0-9]*",
                  "length": 0,
                  "padChar": "0",
                  "padDir": "LEFT",
                  "name": "couponref"
                },
                {
                  "seq": 4,
                  "characterSet": "[0-9]*",
                  "name": "serial"
                }
              ]
            },
            {
              "optionKey": "11",
              "pattern": "^urn:epc:tag:sgcn-96:([0-7]{1})\\.([0-9]{11})\\.([0-9]{1})\\.([0-9]{1,12})$",
              "grammar": "'urn:epc:tag:sgcn-96:' filter '.' gs1companyprefix '.' couponref '.' serial",
              "field": [
                {
                  "seq": 1,
                  "decimalMinimum": "0",
                  "decimalMaximum": "7",
                  "characterSet": "[0-7]*",
                  "length": 1,
                  "padChar": "0",
                  "padDir": "LEFT",
                  "name": "filter"
                },
                {
                  "seq": 2,
                  "decimalMinimum": "0",
                  "decimalMaximum": "99999999999",
                  "characterSet": "[0-9]*",
                  "length": 11,
                  "padChar": "0",
                  "padDir": "LEFT",
                  "name": "gs1companyprefix"
                },
                {
                  "seq": 3,
                  "decimalMinimum": "0",
                  "decimalMaximum": "9",
                  "characterSet": "[0-9]*",
                  "length": 1,
                  "padChar": "0",
                  "padDir": "LEFT",
                  "name": "couponref"
                },
                {
                  "seq": 4,
                  "characterSet": "[0-9]*",
                  "name": "serial"
                }
              ]
            },
            {
              "optionKey": "10",
              "pattern": "^urn:epc:tag:sgcn-96:([0-7]{1})\\.([0-9]{10})\\.([0-9]{2})\\.([0-9]{1,12})$",
              "grammar": "'urn:epc:tag:sgcn-96:' filter '.' gs1companyprefix '.' couponref '.' serial",
              "field": [
                {
                  "seq": 1,
                  "decimalMinimum": "0",
                  "decimalMaximum": "7",
                  "characterSet": "[0-7]*",
                  "length": 1,
                  "padChar": "0",
                  "padDir": "LEFT",
                  "name": "filter"
                },
                {
                  "seq": 2,
                  "decimalMinimum": "0",
                  "decimalMaximum": "9999999999",
                  "characterSet": "[0-9]*",
                  "length": 10,
                  "padChar": "0",
                  "padDir": "LEFT",
                  "name": "gs1companyprefix"
                },
                {
                  "seq": 3,
                  "decimalMinimum": "0",
                  "decimalMaximum": "99",
                  "characterSet": "[0-9]*",
                  "length": 2,
                  "padChar": "0",
                  "padDir": "LEFT",
                  "name": "couponref"
                },
                {
                  "seq": 4,
                  "characterSet": "[0-9]*",
                  "name": "serial"
                }
              ]
            },
            {
              "optionKey": "9",
              "pattern": "^urn:epc:tag:sgcn-96:([0-7]{1})\\.([0-9]{9})\\.([0-9]{3})\\.([0-9]{1,12})$",
              "grammar": "'urn:epc:tag:sgcn-96:' filter '.' gs1companyprefix '.' couponref '.' serial",
              "field": [
                {
                  "seq": 1,
                  "decimalMinimum": "0",
                  "decimalMaximum": "7",
                  "characterSet": "[0-7]*",
                  "length": 1,
                  "padChar": "0",
                  "padDir": "LEFT",
                  "name": "filter"
                },
                {
                  "seq": 2,
                  "decimalMinimum": "0",
                  "decimalMaximum": "999999999",
                  "characterSet": "[0-9]*",
                  "length": 9,
                  "padChar": "0",
                  "padDir": "LEFT",
                  "name": "gs1companyprefix"
                },
                {
                  "seq": 3,
                  "decimalMinimum": "0",
                  "decimalMaximum": "999",
                  "characterSet": "[0-9]*",
                  "length": 3,
                  "padChar": "0",
                  "padDir": "LEFT",
                  "name": "couponref"
                },
                {
                  "seq": 4,
                  "characterSet": "[0-9]*",
                  "name": "serial"
                }
              ]
            },
            {
              "optionKey": "8",
              "pattern": "^urn:epc:tag:sgcn-96:([0-7]{1})\\.([0-9]{8})\\.([0-9]{4})\\.([0-9]{1,12})$",
              "grammar": "'urn:epc:tag:sgcn-96:' filter '.' gs1companyprefix '.' couponref '.' serial",
              "field": [
                {
                  "seq": 1,
                  "decimalMinimum": "0",
                  "decimalMaximum": "7",
                  "characterSet": "[0-7]*",
                  "length": 1,
                  "padChar": "0",
                  "padDir": "LEFT",
                  "name": "filter"
                },
                {
                  "seq": 2,
                  "decimalMinimum": "0",
                  "decimalMaximum": "99999999",
                  "characterSet": "[0-9]*",
                  "length": 8,
                  "padChar": "0",
                  "padDir": "LEFT",
                  "name": "gs1companyprefix"
                },
                {
                  "seq": 3,
                  "decimalMinimum": "0",
                  "decimalMaximum": "9999",
                  "characterSet": "[0-9]*",
                  "length": 4,
                  "padChar": "0",
                  "padDir": "LEFT",
                  "name": "couponref"
                },
                {
                  "seq": 4,
                  "characterSet": "[0-9]*",
                  "name": "serial"
                }
              ]
            },
            {
              "optionKey": "7",
              "pattern": "^urn:epc:tag:sgcn-96:([0-7]{1})\\.([0-9]{7})\\.([0-9]{5})\\.([0-9]{1,12})$",
              "grammar": "'urn:epc:tag:sgcn-96:' filter '.' gs1companyprefix '.' couponref '.' serial",
              "field": [
                {
                  "seq": 1,
                  "decimalMinimum": "0",
                  "decimalMaximum": "7",
                  "characterSet": "[0-7]*",
                  "length": 1,
                  "padChar": "0",
                  "padDir": "LEFT",
                  "name": "filter"
                },
                {
                  "seq": 2,
                  "decimalMinimum": "0",
                  "decimalMaximum": "9999999",
                  "characterSet": "[0-9]*",
                  "length": 7,
                  "padChar": "0",
                  "padDir": "LEFT",
                  "name": "gs1companyprefix"
                },
                {
                  "seq": 3,
                  "decimalMinimum": "0",
                  "decimalMaximum": "99999",
                  "characterSet": "[0-9]*",
                  "length": 5,
                  "padChar": "0",
                  "padDir": "LEFT",
                  "name": "couponref"
                },
                {
                  "seq": 4,
                  "characterSet": "[0-9]*",
                  "name": "serial"
                }
              ]
            },
            {
              "optionKey": "6",
              "pattern": "^urn:epc:tag:sgcn-96:([0-7]{1})\\.([0-9]{6})\\.([0-9]{6})\\.([0-9]{1,12})$",
              "grammar": "'urn:epc:tag:sgcn-96:' filter '.' gs1companyprefix '.' couponref '.' serial",
              "field": [
                {
                  "seq": 1,
                  "decimalMinimum": "0",
                  "decimalMaximum": "7",
                  "characterSet": "[0-7]*",
                  "length": 1,
                  "padChar": "0",
                  "padDir": "LEFT",
                  "name": "filter"
                },
                {
                  "seq": 2,
                  "decimalMinimum": "0",
                  "decimalMaximum": "999999",
                  "characterSet": "[0-9]*",
                  "length": 6,
                  "padChar": "0",
                  "padDir": "LEFT",
                  "name": "gs1companyprefix"
                },
                {
                  "seq": 3,
                  "decimalMinimum": "0",
                  "decimalMaximum": "999999",
                  "characterSet": "[0-9]*",
                  "length": 6,
                  "padChar": "0",
                  "padDir": "LEFT",
                  "name": "couponref"
                },
                {
                  "seq": 4,
                  "characterSet": "[0-9]*",
                  "name": "serial"
                }
              ]
            }
          ]
        },
        {
          "type": "PURE_IDENTITY",
          "prefixMatch": "urn:epc:id:sgcn",
          "option": [
            {
              "optionKey": "12",
              "pattern": "^urn:epc:id:sgcn:([0-9]{12})\\.()\\.([0-9]{1,12})$",
              "grammar": "'urn:epc:id:sgcn:' gs1companyprefix '.' couponref '.' serial",
              "field": [
                {
                  "seq": 1,
                  "decimalMinimum": "0",
                  "decimalMaximum": "999999999999",
                  "characterSet": "[0-9]*",
                  "length": 12,
                  "padChar": "0",
                  "padDir": "LEFT",
                  "name": "gs1companyprefix"
                },
                {
                  "seq": 2,
                  "decimalMinimum": "0",
                  "decimalMaximum": "0",
                  "characterSet": "[0-9]*",
                  "length": 0,
                  "padChar": "0",
                  "padDir": "LEFT",
                  "name": "couponref"
                },
                {
                  "seq": 3,
                  "characterSet": "[0-9]*",
                  "name": "serial"
                }
              ]
            },
            {
              "optionKey": "11",
              "pattern": "^urn:epc:id:sgcn:([0-9]{11})\\.([0-9]{1})\\.([0-9]{1,12})$",
              "grammar": "'urn:epc:id:sgcn:' gs1companyprefix '.' couponref '.' serial",
              "field": [
                {
                  "seq": 1,
                  "decimalMinimum": "0",
                  "decimalMaximum": "99999999999",
                  "characterSet": "[0-9]*",
                  "length": 11,
                  "padChar": "0",
                  "padDir": "LEFT",
                  "name": "gs1companyprefix"
                },
                {
                  "seq": 2,
                  "decimalMinimum": "0",
                  "decimalMaximum": "9",
                  "characterSet": "[0-9]*",
                  "length": 1,
                  "padChar": "0",
                  "padDir": "LEFT",
                  "name": "couponref"
                },
                {
                  "seq": 3,
                  "characterSet": "[0-9]*",
                  "name": "serial"
                }
              ]
            },
            {
              "optionKey": "10",
              "pattern": "^urn:epc:id:sgcn:([0-9]{10})\\.([0-9]{2})\\.([0-9]{1,12})$",
              "grammar": "'urn:epc:id:sgcn:' gs1companyprefix '.' couponref '.' serial",
              "field": [
                {
                  "seq": 1,
                  "decimalMinimum": "0",
                  "decimalMaximum": "9999999999",
                  "characterSet": "[0-9]*",
                  "length": 10,
                  "padChar": "0",
                  "padDir": "LEFT",
                  "name": "gs1companyprefix"
                },
                {
                  "seq": 2,
                  "decimalMinimum": "0",
                  "decimalMaximum": "99",
                  "characterSet": "[0-9]*",
                  "length": 2,
                  "padChar": "0",
                  "padDir": "LEFT",
                  "name": "couponref"
                },
                {
                  "seq": 3,
                  "characterSet": "[0-9]*",
                  "name": "serial"
                }
              ]
            },
            {
              "optionKey": "9",
              "pattern": "^urn:epc:id:sgcn:([0-9]{9})\\.([0-9]{3})\\.([0-9]{1,12})$",
              "grammar": "'urn:epc:id:sgcn:' gs1companyprefix '.' couponref '.' serial",
              "field": [
                {
                  "seq": 1,
                  "decimalMinimum": "0",
                  "decimalMaximum": "999999999",
                  "characterSet": "[0-9]*",
                  "length": 9,
                  "padChar": "0",
                  "padDir": "LEFT",
                  "name": "gs1companyprefix"
                },
                {
                  "seq": 2,
                  "decimalMinimum": "0",
                  "decimalMaximum": "999",
                  "characterSet": "[0-9]*",
                  "length": 3,
                  "padChar": "0",
                  "padDir": "LEFT",
                  "name": "couponref"
                },
                {
                  "seq": 3,
                  "characterSet": "[0-9]*",
                  "name": "serial"
                }
              ]
            },
            {
              "optionKey": "8",
              "pattern": "^urn:epc:id:sgcn:([0-9]{8})\\.([0-9]{4})\\.([0-9]{1,12})$",
              "grammar": "'urn:epc:id:sgcn:' gs1companyprefix '.' couponref '.' serial",
              "field": [
                {
                  "seq": 1,
                  "decimalMinimum": "0",
                  "decimalMaximum": "99999999",
                  "characterSet": "[0-9]*",
                  "length": 8,
                  "padChar": "0",
                  "padDir": "LEFT",
                  "name": "gs1companyprefix"
                },
                {
                  "seq": 2,
                  "decimalMinimum": "0",
                  "decimalMaximum": "9999",
                  "characterSet": "[0-9]*",
                  "length": 4,
                  "padChar": "0",
                  "padDir": "LEFT",
                  "name": "couponref"
                },
                {
                  "seq": 3,
                  "characterSet": "[0-9]*",
                  "name": "serial"
                }
              ]
            },
            {
              "optionKey": "7",
              "pattern": "^urn:epc:id:sgcn:([0-9]{7})\\.([0-9]{5})\\.([0-9]{1,12})$",
              "grammar": "'urn:epc:id:sgcn:' gs1companyprefix '.' couponref '.' serial",
              "field": [
                {
                  "seq": 1,
                  "decimalMinimum": "0",
                  "decimalMaximum": "9999999",
                  "characterSet": "[0-9]*",
                  "length": 7,
                  "padChar": "0",
                  "padDir": "LEFT",
                  "name": "gs1companyprefix"
                },
                {
                  "seq": 2,
                  "decimalMinimum": "0",
                  "decimalMaximum": "99999",
                  "characterSet": "[0-9]*",
                  "length": 5,
                  "padChar": "0",
                  "padDir": "LEFT",
                  "name": "couponref"
                },
                {
                  "seq": 3,
                  "characterSet": "[0-9]*",
                  "name": "serial"
                }
              ]
            },
            {
              "optionKey": "6",
              "pattern": "^urn:epc:id:sgcn:([0-9]{6})\\.([0-9]{6})\\.([0-9]{1,12})$",
              "grammar": "'urn:epc:id:sgcn:' gs1companyprefix '.' couponref '.' serial",
              "field": [
                {
                  "seq": 1,
                  "decimalMinimum": "0",
                  "decimalMaximum": "999999",
                  "characterSet": "[0-9]*",
                  "length": 6,
                  "padChar": "0",
                  "padDir": "LEFT",
                  "name": "gs1companyprefix"
                },
                {
                  "seq": 2,
                  "decimalMinimum": "0",
                  "decimalMaximum": "999999",
                  "characterSet": "[0-9]*",
                  "length": 6,
                  "padChar": "0",
                  "padDir": "LEFT",
                  "name": "couponref"
                },
                {
                  "seq": 3,
                  "characterSet": "[0-9]*",
                  "name": "serial"
                }
              ]
            }
          ]
        },
        {
          "type": "BARE_IDENTIFIER",
          "prefixMatch": "sgcn=",
          "requiredParsingParameters": "gs1companyprefixlength",
          "option": [
            {
              "optionKey": "12",
              "pattern": "^sgcn=([0-9]{13})([0-9]{1,12})$",
              "grammar": "'sgcn=' gs1companyprefix couponref checkdigit serial",
              "field": [
                {
                  "seq": 1,
                  "decimalMinimum": "0",
                  "decimalMaximum": "9999999999999",
                  "characterSet": "[0-9]*",
                  "length": 13,
                  "padChar": "0",
                  "padDir": "LEFT",
                  "name": "sgcnprefix",
                  "gcpOffset": 0
                },
                {
                  "seq": 2,
                  "characterSet": "[0-9]*",
                  "name": "serial"
                }
              ]
            },
            {
              "optionKey": "11",
              "pattern": "^sgcn=([0-9]{13})([0-9]{1,12})$",
              "grammar": "'sgcn=' gs1companyprefix couponref checkdigit serial",
              "field": [
                {
                  "seq": 1,
                  "decimalMinimum": "0",
                  "decimalMaximum": "9999999999999",
                  "characterSet": "[0-9]*",
                  "length": 13,
                  "padChar": "0",
                  "padDir": "LEFT",
                  "name": "sgcnprefix",
                  "gcpOffset": 0
                },
                {
                  "seq": 2,
                  "characterSet": "[0-9]*",
                  "name": "serial"
                }
              ]
            },
            {
              "optionKey": "10",
              "pattern": "^sgcn=([0-9]{13})([0-9]{1,12})$",
              "grammar": "'sgcn=' gs1companyprefix couponref checkdigit serial",
              "field": [
                {
                  "seq": 1,
                  "decimalMinimum": "0",
                  "decimalMaximum": "9999999999999",
                  "characterSet": "[0-9]*",
                  "length": 13,
                  "padChar": "0",
                  "padDir": "LEFT",
                  "name": "sgcnprefix",
                  "gcpOffset": 0
                },
                {
                  "seq": 2,
                  "characterSet": "[0-9]*",
                  "name": "serial"
                }
              ]
            },
            {
              "optionKey": "9",
              "pattern": "^sgcn=([0-9]{13})([0-9]{1,12})$",
              "grammar": "'sgcn=' gs1companyprefix couponref checkdigit serial",
              "field": [
                {
                  "seq": 1,
                  "decimalMinimum": "0",
                  "decimalMaximum": "9999999999999",
                  "characterSet": "[0-9]*",
                  "length": 13,
                  "padChar": "0",
                  "padDir": "LEFT",
                  "name": "sgcnprefix",
                  "gcpOffset": 0
                },
                {
                  "seq": 2,
                  "characterSet": "[0-9]*",
                  "name": "serial"
                }
              ]
            },
            {
              "optionKey": "8",
              "pattern": "^sgcn=([0-9]{13})([0-9]{1,12})$",
              "grammar": "'sgcn=' gs1companyprefix couponref checkdigit serial",
              "field": [
                {
                  "seq": 1,
                  "decimalMinimum": "0",
                  "decimalMaximum": "9999999999999",
                  "characterSet": "[0-9]*",
                  "length": 13,
                  "padChar": "0",
                  "padDir": "LEFT",
                  "name": "sgcnprefix",
                  "gcpOffset": 0
                },
                {
                  "seq": 2,
                  "characterSet": "[0-9]*",
                  "name": "serial"
                }
              ]
            },
            {
              "optionKey": "7",
              "pattern": "^sgcn=([0-9]{13})([0-9]{1,12})$",
              "grammar": "'sgcn=' gs1companyprefix couponref checkdigit serial",
              "field": [
                {
                  "seq": 1,
                  "decimalMinimum": "0",
                  "decimalMaximum": "9999999999999",
                  "characterSet": "[0-9]*",
                  "length": 13,
                  "padChar": "0",
                  "padDir": "LEFT",
                  "name": "sgcnprefix",
                  "gcpOffset": 0
                },
                {
                  "seq": 2,
                  "characterSet": "[0-9]*",
                  "name": "serial"
                }
              ]
            },
            {
              "optionKey": "6",
              "pattern": "^sgcn=([0-9]{13})([0-9]{1,12})$",
              "grammar": "'sgcn=' gs1companyprefix couponref checkdigit serial",
              "field": [
                {
                  "seq": 1,
                  "decimalMinimum": "0",
                  "decimalMaximum": "9999999999999",
                  "characterSet": "[0-9]*",
                  "length": 13,
                  "padChar": "0",
                  "padDir": "LEFT",
                  "name": "sgcnprefix",
                  "gcpOffset": 0
                },
                {
                  "seq": 2,
                  "characterSet": "[0-9]*",
                  "name": "serial"
                }
              ]
            }
          ],
          "rule": [
            {
              "type": "EXTRACT",
              "inputFormat": "STRING",
              "seq": 1,
              "newFieldName": "sgcnbody",
              "characterSet": "[0-9]*",
              "function": "SUBSTR(sgcnprefix,0,12)"
            },
            {
              "type": "EXTRACT",
              "inputFormat": "STRING",
              "seq": 2,
              "newFieldName": "couponref",
              "characterSet": "[0-9]*",
              "function": "SUBSTR(sgcnbody,gs1companyprefixlength)"
            },
            {
              "type": "EXTRACT",
              "inputFormat": "STRING",
              "seq": 3,
              "newFieldName": "gs1companyprefix",
              "characterSet": "[0-9]*",
              "function": "SUBSTR(sgcnbody,0,gs1companyprefixlength)"
            },
            {
              "type": "FORMAT",
              "inputFormat": "STRING",
              "seq": 1,
              "newFieldName": "sgcnbody",
              "characterSet": "[0-9]*",
              "length": 12,
              "function": "CONCAT(gs1companyprefix,couponref)"
            },
            {
              "type": "FORMAT",
              "inputFormat": "STRING",
              "seq": 2,
              "newFieldName": "checkdigit",
              "characterSet": "[0-9]*",
              "length": 1,
              "function": "GS1CHECKSUM(sgcnbody)"
            }
          ]
        },
        {
          "type": "GS1_AI_JSON",
          "prefixMatch": "{",
          "requiredParsingParameters": "gs1companyprefixlength",
          "option": [
            {
              "optionKey": "12",
              "pattern": "^\\{\\s*\"255\"\\s*:\\s*\"([0-9]{13})([0-9]{1,12})\"",
              "grammar": "'{\"255\":\"' gs1companyprefix couponref checkdigit serial '\"}'",
              "aiSequence": [
                "255"
              ],
              "field": [
                {
                  "seq": 1,
                  "decimalMinimum": "0",
                  "decimalMaximum": "9999999999999",
                  "characterSet": "[0-9]*",
                  "length": 13,
                  "padChar": "0",
                  "padDir": "LEFT",
                  "name": "sgcnprefix",
                  "gcpOffset": 0
                },
                {
                  "seq": 2,
                  "characterSet": "[0-9]*",
                  "name": "serial"
                }
              ]
            },
            {
              "optionKey": "11",
              "pattern": "^\\{\\s*\"255\"\\s*:\\s*\"([0-9]{13})([0-9]{1,12})\"",
              "grammar": "'{\"255\":\"' gs1companyprefix couponref checkdigit serial '\"}'",
              "aiSequence": [
                "255"
              ],
              "field": [
                {
                  "seq": 1,
                  "decimalMinimum": "0",
                  "decimalMaximum": "9999999999999",
                  "characterSet": "[0-9]*",
                  "length": 13,
                  "padChar": "0",
                  "padDir": "LEFT",
                  "name": "sgcnprefix",
                  "gcpOffset": 0
                },
                {
                  "seq": 2,
                  "characterSet": "[0-9]*",
                  "name": "serial"
                }
              ]
            },
            {
              "optionKey": "10",
              "pattern": "^\\{\\s*\"255\"\\s*:\\s*\"([0-9]{13})([0-9]{1,12})\"",
              "grammar": "'{\"255\":\"' gs1companyprefix couponref checkdigit serial '\"}'",
              "aiSequence": [
                "255"
              ],
              "field": [
                {
                  "seq": 1,
                  "decimalMinimum": "0",
                  "decimalMaximum": "9999999999999",
                  "characterSet": "[0-9]*",
                  "length": 13,
                  "padChar": "0",
                  "padDir": "LEFT",
                  "name": "sgcnprefix",
                  "gcpOffset": 0
                },
                {
                  "seq": 2,
                  "characterSet": "[0-9]*",
                  "name": "serial"
                }
              ]
            },
            {
              "optionKey": "9",
              "pattern": "^\\{\\s*\"255\"\\s*:\\s*\"([0-9]{13})([0-9]{1,12})\"",
              "grammar": "'{\"255\":\"' gs1companyprefix couponref checkdigit serial '\"}'",
              "aiSequence": [
                "255"
              ],
              "field": [
                {
                  "seq": 1,
                  "decimalMinimum": "0",
                  "decimalMaximum": "9999999999999",
                  "characterSet": "[0-9]*",
                  "length": 13,
                  "padChar": "0",
                  "padDir": "LEFT",
                  "name": "sgcnprefix",
                  "gcpOffset": 0
                },
                {
                  "seq": 2,
                  "characterSet": "[0-9]*",
                  "name": "serial"
                }
              ]
            },
            {
              "optionKey": "8",
              "pattern": "^\\{\\s*\"255\"\\s*:\\s*\"([0-9]{13})([0-9]{1,12})\"",
              "grammar": "'{\"255\":\"' gs1companyprefix couponref checkdigit serial '\"}'",
              "aiSequence": [
                "255"
              ],
              "field": [
                {
                  "seq": 1,
                  "decimalMinimum": "0",
                  "decimalMaximum": "9999999999999",
                  "characterSet": "[0-9]*",
                  "length": 13,
                  "padChar": "0",
                  "padDir": "LEFT",
                  "name": "sgcnprefix",
                  "gcpOffset": 0
                },
                {
                  "seq": 2,
                  "characterSet": "[0-9]*",
                  "name": "serial"
                }
              ]
            },
            {
              "optionKey": "7",
              "pattern": "^\\{\\s*\"255\"\\s*:\\s*\"([0-9]{13})([0-9]{1,12})\"",
              "grammar": "'{\"255\":\"' gs1companyprefix couponref checkdigit serial '\"}'",
              "aiSequence": [
                "255"
              ],
              "field": [
                {
                  "seq": 1,
                  "decimalMinimum": "0",
                  "decimalMaximum": "9999999999999",
                  "characterSet": "[0-9]*",
                  "length": 13,
                  "padChar": "0",
                  "padDir": "LEFT",
                  "name": "sgcnprefix",
                  "gcpOffset": 0
                },
                {
                  "seq": 2,
                  "characterSet": "[0-9]*",
                  "name": "serial"
                }
              ]
            },
            {
              "optionKey": "6",
              "pattern": "^\\{\\s*\"255\"\\s*:\\s*\"([0-9]{13})([0-9]{1,12})\"",
              "grammar": "'{\"255\":\"' gs1companyprefix couponref checkdigit serial '\"}'",
              "aiSequence": [
                "255"
              ],
              "field": [
                {
                  "seq": 1,
                  "decimalMinimum": "0",
                  "decimalMaximum": "9999999999999",
                  "characterSet": "[0-9]*",
                  "length": 13,
                  "padChar": "0",
                  "padDir": "LEFT",
                  "name": "sgcnprefix",
                  "gcpOffset": 0
                },
                {
                  "seq": 2,
                  "characterSet": "[0-9]*",
                  "name": "serial"
                }
              ]
            }
          ],
          "rule": [
            {
              "type": "EXTRACT",
              "inputFormat": "STRING",
              "seq": 1,
              "newFieldName": "sgcnbody",
              "characterSet": "[0-9]*",
              "function": "SUBSTR(sgcnprefix,0,12)"
            },
            {
              "type": "EXTRACT",
              "inputFormat": "STRING",
              "seq": 2,
              "newFieldName": "couponref",
              "characterSet": "[0-9]*",
              "function": "SUBSTR(sgcnbody,gs1companyprefixlength)"
            },
            {
              "type": "EXTRACT",
              "inputFormat": "STRING",
              "seq": 3,
              "newFieldName": "gs1companyprefix",
              "characterSet": "[0-9]*",
              "function": "SUBSTR(sgcnbody,0,gs1companyprefixlength)"
            },
            {
              "type": "FORMAT",
              "inputFormat": "STRING",
              "seq": 1,
              "newFieldName": "sgcnbody",
              "characterSet": "[0-9]*",
              "length": 12,
              "function": "CONCAT(gs1companyprefix,couponref)"
            },
            {
              "type": "FORMAT",
              "inputFormat": "STRING",
              "seq": 2,
              "newFieldName": "checkdigit",
              "characterSet": "[0-9]*",
              "length": 1,
              "function": "GS1CHECKSUM(sgcnbody)"
            }
          ]
        },
        {
          "type": "GS1_DIGITAL_LINK",
          "prefixMatch": "http",
          "requiredFormattingParameters": "uriStem",
          "requiredParsingParameters": "gs1companyprefixlength",
          "option": [
            {
              "optionKey": "12",
              "pattern": "\\/255\\/([0-9]{13})([0-9]{1,12})(?:\\?|$)",
              "grammar": "uriStem '/255/' gs1companyprefix couponref checkdigit serial",
              "field": [
                {
                  "seq": 1,
                  "decimalMinimum": "0",
                  "decimalMaximum": "9999999999999",
                  "characterSet": "[0-9]*",
                  "length": 13,
                  "padChar": "0",
                  "padDir": "LEFT",
                  "name": "sgcnprefix",
                  "gcpOffset": 0
                },
                {
                  "seq": 2,
                  "characterSet": "[0-9]*",
                  "name": "serial"
                }
              ],
              "aiSequence": [
                "255"
              ]
            },
            {
              "optionKey": "11",
              "pattern": "\\/255\\/([0-9]{13})([0-9]{1,12})(?:\\?|$)",
              "grammar": "uriStem '/255/' gs1companyprefix couponref checkdigit serial",
              "field": [
                {
                  "seq": 1,
                  "decimalMinimum": "0",
                  "decimalMaximum": "9999999999999",
                  "characterSet": "[0-9]*",
                  "length": 13,
                  "padChar": "0",
                  "padDir": "LEFT",
                  "name": "sgcnprefix",
                  "gcpOffset": 0
                },
                {
                  "seq": 2,
                  "characterSet": "[0-9]*",
                  "name": "serial"
                }
              ],
              "aiSequence": [
                "255"
              ]
            },
            {
              "optionKey": "10",
              "pattern": "\\/255\\/([0-9]{13})([0-9]{1,12})(?:\\?|$)",
              "grammar": "uriStem '/255/' gs1companyprefix couponref checkdigit serial",
              "field": [
                {
                  "seq": 1,
                  "decimalMinimum": "0",
                  "decimalMaximum": "9999999999999",
                  "characterSet": "[0-9]*",
                  "length": 13,
                  "padChar": "0",
                  "padDir": "LEFT",
                  "name": "sgcnprefix",
                  "gcpOffset": 0
                },
                {
                  "seq": 2,
                  "characterSet": "[0-9]*",
                  "name": "serial"
                }
              ],
              "aiSequence": [
                "255"
              ]
            },
            {
              "optionKey": "9",
              "pattern": "\\/255\\/([0-9]{13})([0-9]{1,12})(?:\\?|$)",
              "grammar": "uriStem '/255/' gs1companyprefix couponref checkdigit serial",
              "field": [
                {
                  "seq": 1,
                  "decimalMinimum": "0",
                  "decimalMaximum": "9999999999999",
                  "characterSet": "[0-9]*",
                  "length": 13,
                  "padChar": "0",
                  "padDir": "LEFT",
                  "name": "sgcnprefix",
                  "gcpOffset": 0
                },
                {
                  "seq": 2,
                  "characterSet": "[0-9]*",
                  "name": "serial"
                }
              ],
              "aiSequence": [
                "255"
              ]
            },
            {
              "optionKey": "8",
              "pattern": "\\/255\\/([0-9]{13})([0-9]{1,12})(?:\\?|$)",
              "grammar": "uriStem '/255/' gs1companyprefix couponref checkdigit serial",
              "field": [
                {
                  "seq": 1,
                  "decimalMinimum": "0",
                  "decimalMaximum": "9999999999999",
                  "characterSet": "[0-9]*",
                  "length": 13,
                  "padChar": "0",
                  "padDir": "LEFT",
                  "name": "sgcnprefix",
                  "gcpOffset": 0
                },
                {
                  "seq": 2,
                  "characterSet": "[0-9]*",
                  "name": "serial"
                }
              ],
              "aiSequence": [
                "255"
              ]
            },
            {
              "optionKey": "7",
              "pattern": "\\/255\\/([0-9]{13})([0-9]{1,12})(?:\\?|$)",
              "grammar": "uriStem '/255/' gs1companyprefix couponref checkdigit serial",
              "field": [
                {
                  "seq": 1,
                  "decimalMinimum": "0",
                  "decimalMaximum": "9999999999999",
                  "characterSet": "[0-9]*",
                  "length": 13,
                  "padChar": "0",
                  "padDir": "LEFT",
                  "name": "sgcnprefix",
                  "gcpOffset": 0
                },
                {
                  "seq": 2,
                  "characterSet": "[0-9]*",
                  "name": "serial"
                }
              ],
              "aiSequence": [
                "255"
              ]
            },
            {
              "optionKey": "6",
              "pattern": "\\/255\\/([0-9]{13})([0-9]{1,12})(?:\\?|$)",
              "grammar": "uriStem '/255/' gs1companyprefix couponref checkdigit serial",
              "field": [
                {
                  "seq": 1,
                  "decimalMinimum": "0",
                  "decimalMaximum": "9999999999999",
                  "characterSet": "[0-9]*",
                  "length": 13,
                  "padChar": "0",
                  "padDir": "LEFT",
                  "name": "sgcnprefix",
                  "gcpOffset": 0
                },
                {
                  "seq": 2,
                  "characterSet": "[0-9]*",
                  "name": "serial"
                }
              ],
              "aiSequence": [
                "255"
              ]
            }
          ],
          "rule": [
            {
              "type": "EXTRACT",
              "inputFormat": "STRING",
              "seq": 1,
              "newFieldName": "sgcnbody",
              "characterSet": "[0-9]*",
              "function": "SUBSTR(sgcnprefix,0,12)"
            },
            {
              "type": "EXTRACT",
              "inputFormat": "STRING",
              "seq": 2,
              "newFieldName": "couponref",
              "characterSet": "[0-9]*",
              "function": "SUBSTR(sgcnbody,gs1companyprefixlength)"
            },
            {
              "type": "EXTRACT",
              "inputFormat": "STRING",
              "seq": 3,
              "newFieldName": "gs1companyprefix",
              "characterSet": "[0-9]*",
              "function": "SUBSTR(sgcnbody,0,gs1companyprefixlength)"
            },
            {
              "type": "FORMAT",
              "inputFormat": "STRING",
              "seq": 1,
              "newFieldName": "sgcnbody",
              "characterSet": "[0-9]*",
              "length": 12,
              "function": "CONCAT(gs1companyprefix,couponref)"
            },
            {
              "type": "FORMAT",
              "inputFormat": "STRING",
              "seq": 2,
              "newFieldName": "checkdigit",
              "characterSet": "[0-9]*",
              "length": 1,
              "function": "GS1CHECKSUM(sgcnbody)"
            }
          ],
          "gs1DigitalLinkKeyQualifiers": []
        }
      ]
    }
  }
}