{
  "tdt:epcTagDataTranslation": {
    "version": "2.2",
    "date": "2024-11-18T16:30:00Z",
    "epcTDSVersion": "2.2",
    "scheme": {
      "name": "SGLN-195",
      "optionKey": "gs1companyprefixlength",
      "tagLength": 195,
      "level": [
        {
          "type": "BINARY",
          "prefixMatch": "00111001",
          "requiredFormattingParameters": "filter,tagLength",
          "option": [
            {
              "optionKey": "12",
              "pattern": "^00111001([01]{3})000([01]{40})([01]{1})([01]{140})",
              "grammar": "'00111001' filter '000' gs1companyprefix locationref serial",
              "field": [
                {
                  "seq": 1,
                  "decimalMinimum": "0",
                  "decimalMaximum": "7",
                  "characterSet": "[01]*",
                  "bitPadDir": "LEFT",
                  "bitLength": 3,
                  "name": "filter",
                  "length": 1
                },
                {
                  "seq": 2,
                  "decimalMinimum": "0",
                  "decimalMaximum": "999999999999",
                  "characterSet": "[01]*",
                  "bitPadDir": "LEFT",
                  "bitLength": 40,
                  "name": "gs1companyprefix",
                  "length": 12
                },
                {
                  "seq": 3,
                  "decimalMinimum": "0",
                  "decimalMaximum": "0",
                  "characterSet": "[01]*",
                  "bitPadDir": "LEFT",
                  "bitLength": 1,
                  "name": "locationref",
                  "length": 0
                },
                {
                  "seq": 4,
                  "characterSet": "[01]*",
                  "bitPadDir": "RIGHT",
                  "bitLength": 140,
                  "compaction": "7-bit",
                  "name": "serial"
                }
              ]
            },
            {
              "optionKey": "11",
              "pattern": "^00111001([01]{3})001([01]{37})([01]{4})([01]{140})",
              "grammar": "'00111001' filter '001' gs1companyprefix locationref serial",
              "field": [
                {
                  "seq": 1,
                  "decimalMinimum": "0",
                  "decimalMaximum": "7",
                  "characterSet": "[01]*",
                  "bitPadDir": "LEFT",
                  "bitLength": 3,
                  "name": "filter",
                  "length": 1
                },
                {
                  "seq": 2,
                  "decimalMinimum": "0",
                  "decimalMaximum": "99999999999",
                  "characterSet": "[01]*",
                  "bitPadDir": "LEFT",
                  "bitLength": 37,
                  "name": "gs1companyprefix",
                  "length": 11
                },
                {
                  "seq": 3,
                  "decimalMinimum": "0",
                  "decimalMaximum": "9",
                  "characterSet": "[01]*",
                  "bitPadDir": "LEFT",
                  "bitLength": 4,
                  "name": "locationref",
                  "length": 1
                },
                {
                  "seq": 4,
                  "characterSet": "[01]*",
                  "bitPadDir": "RIGHT",
                  "bitLength": 140,
                  "compaction": "7-bit",
                  "name": "serial"
                }
              ]
            },
            {
              "optionKey": "10",
              "pattern": "^00111001([01]{3})010([01]{34})([01]{7})([01]{140})",
              "grammar": "'00111001' filter '010' gs1companyprefix locationref serial",
              "field": [
                {
                  "seq": 1,
                  "decimalMinimum": "0",
                  "decimalMaximum": "7",
                  "characterSet": "[01]*",
                  "bitPadDir": "LEFT",
                  "bitLength": 3,
                  "name": "filter",
                  "length": 1
                },
                {
                  "seq": 2,
                  "decimalMinimum": "0",
                  "decimalMaximum": "9999999999",
                  "characterSet": "[01]*",
                  "bitPadDir": "LEFT",
                  "bitLength": 34,
                  "name": "gs1companyprefix",
                  "length": 10
                },
                {
                  "seq": 3,
                  "decimalMinimum": "0",
                  "decimalMaximum": "99",
                  "characterSet": "[01]*",
                  "bitPadDir": "LEFT",
                  "bitLength": 7,
                  "name": "locationref",
                  "length": 2
                },
                {
                  "seq": 4,
                  "characterSet": "[01]*",
                  "bitPadDir": "RIGHT",
                  "bitLength": 140,
                  "compaction": "7-bit",
                  "name": "serial"
                }
              ]
            },
            {
              "optionKey": "9",
              "pattern": "^00111001([01]{3})011([01]{30})([01]{11})([01]{140})",
              "grammar": "'00111001' filter '011' gs1companyprefix locationref serial",
              "field": [
                {
                  "seq": 1,
                  "decimalMinimum": "0",
                  "decimalMaximum": "7",
                  "characterSet": "[01]*",
                  "bitPadDir": "LEFT",
                  "bitLength": 3,
                  "name": "filter",
                  "length": 1
                },
                {
                  "seq": 2,
                  "decimalMinimum": "0",
                  "decimalMaximum": "999999999",
                  "characterSet": "[01]*",
                  "bitPadDir": "LEFT",
                  "bitLength": 30,
                  "name": "gs1companyprefix",
                  "length": 9
                },
                {
                  "seq": 3,
                  "decimalMinimum": "0",
                  "decimalMaximum": "999",
                  "characterSet": "[01]*",
                  "bitPadDir": "LEFT",
                  "bitLength": 11,
                  "name": "locationref",
                  "length": 3
                },
                {
                  "seq": 4,
                  "characterSet": "[01]*",
                  "bitPadDir": "RIGHT",
                  "bitLength": 140,
                  "compaction": "7-bit",
                  "name": "serial"
                }
              ]
            },
            {
              "optionKey": "8",
              "pattern": "^00111001([01]{3})100([01]{27})([01]{14})([01]{140})",
              "grammar": "'00111001' filter '100' gs1companyprefix locationref serial",
              "field": [
                {
                  "seq": 1,
                  "decimalMinimum": "0",
                  "decimalMaximum": "7",
                  "characterSet": "[01]*",
                  "bitPadDir": "LEFT",
                  "bitLength": 3,
                  "name": "filter",
                  "length": 1
                },
                {
                  "seq": 2,
                  "decimalMinimum": "0",
                  "decimalMaximum": "99999999",
                  "characterSet": "[01]*",
                  "bitPadDir": "LEFT",
                  "bitLength": 27,
                  "name": "gs1companyprefix",
                  "length": 8
                },
                {
                  "seq": 3,
                  "decimalMinimum": "0",
                  "decimalMaximum": "9999",
                  "characterSet": "[01]*",
                  "bitPadDir": "LEFT",
                  "bitLength": 14,
                  "name": "locationref",
                  "length": 4
                },
                {
                  "seq": 4,
                  "characterSet": "[01]*",
                  "bitPadDir": "RIGHT",
                  "bitLength": 140,
                  "compaction": "7-bit",
                  "name": "serial"
                }
              ]
            },
            {
              "optionKey": "7",
              "pattern": "^00111001([01]{3})101([01]{24})([01]{17})([01]{140})",
              "grammar": "'00111001' filter '101' gs1companyprefix locationref serial",
              "field": [
                {
                  "seq": 1,
                  "decimalMinimum": "0",
                  "decimalMaximum": "7",
                  "characterSet": "[01]*",
                  "bitPadDir": "LEFT",
                  "bitLength": 3,
                  "name": "filter",
                  "length": 1
                },
                {
                  "seq": 2,
                  "decimalMinimum": "0",
                  "decimalMaximum": "9999999",
                  "characterSet": "[01]*",
                  "bitPadDir": "LEFT",
                  "bitLength": 24,
                  "name": "gs1companyprefix",
                  "length": 7
                },
                {
                  "seq": 3,
                  "decimalMinimum": "0",
                  "decimalMaximum": "99999",
                  "characterSet": "[01]*",
                  "bitPadDir": "LEFT",
                  "bitLength": 17,
                  "name": "locationref",
                  "length": 5
                },
                {
                  "seq": 4,
                  "characterSet": "[01]*",
                  "bitPadDir": "RIGHT",
                  "bitLength": 140,
                  "compaction": "7-bit",
                  "name": "serial"
                }
              ]
            },
            {
              "optionKey": "6",
              "pattern": "^00111001([01]{3})110([01]{20})([01]{21})([01]{140})",
              "grammar": "'00111001' filter '110' gs1companyprefix locationref serial",
              "field": [
                {
                  "seq": 1,
                  "decimalMinimum": "0",
                  "decimalMaximum": "7",
                  "characterSet": "[01]*",
                  "bitPadDir": "LEFT",
                  "bitLength": 3,
                  "name": "filter",
                  "length": 1
                },
                {
                  "seq": 2,
                  "decimalMinimum": "0",
                  "decimalMaximum": "999999",
                  "characterSet": "[01]*",
                  "bitPadDir": "LEFT",
                  "bitLength": 20,
                  "name": "gs1companyprefix",
                  "length": 6
                },
                {
                  "seq": 3,
                  "decimalMinimum": "0",
                  "decimalMaximum": "999999",
                  "characterSet": "[01]*",
                  "bitPadDir": "LEFT",
                  "bitLength": 21,
                  "name": "locationref",
                  "length": 6
                },
                {
                  "seq": 4,
                  "characterSet": "[01]*",
                  "bitPadDir": "RIGHT",
                  "bitLength": 140,
                  "compaction": "7-bit",
                  "name": "serial"
                }
              ]
            }
          ]
        },
        {
          "type": "TAG_ENCODING",
          "prefixMatch": "urn:epc:tag:sgln-195",
          "requiredFormattingParameters": "filter,tagLength",
          "option": [
            {
              "optionKey": "12",
              "pattern": "^urn:epc:tag:sgln-195:([0-7]{1})\\.([0-9]{12})\\.()\\.((?:[A-Za-z0-9!'()*+,.:;=_-]|%22|%26|%2F|%3C|%3E|%3F|%25){1,20})$",
              "grammar": "'urn:epc:tag:sgln-195:' filter '.' gs1companyprefix '.' locationref '.' urnEscapedSerial",
              "field": [
                {
                  "seq": 1,
                  "decimalMinimum": "0",
                  "decimalMaximum": "7",
                  "characterSet": "[0-7]*",
                  "length": 1,
                  "padChar": "0",
                  "padDir": "LEFT",
                  "name": "filter"
                },
                {
                  "seq": 2,
                  "decimalMinimum": "0",
                  "decimalMaximum": "999999999999",
                  "characterSet": "[0-9]*",
                  "length": 12,
                  "padChar": "0",
                  "padDir": "LEFT",
                  "name": "gs1companyprefix"
                },
                {
                  "seq": 3,
                  "decimalMinimum": "0",
                  "decimalMaximum": "0",
                  "characterSet": "[0-9]*",
                  "length": 0,
                  "padChar": "0",
                  "padDir": "LEFT",
                  "name": "locationref"
                },
                {
                  "seq": 4,
                  "characterSet": "(?:[A-Za-z0-9!'()*+,.:;=_-]|%22|%26|%2F|%3C|%3E|%3F|%25)*",
                  "name": "urnEscapedSerial"
                }
              ]
            },
            {
              "optionKey": "11",
              "pattern": "^urn:epc:tag:sgln-195:([0-7]{1})\\.([0-9]{11})\\.([0-9]{1})\\.((?:[A-Za-z0-9!'()*+,.:;=_-]|%22|%26|%2F|%3C|%3E|%3F|%25){1,20})$",
              "grammar": "'urn:epc:tag:sgln-195:' filter '.' gs1companyprefix '.' locationref '.' urnEscapedSerial",
              "field": [
                {
                  "seq": 1,
                  "decimalMinimum": "0",
                  "decimalMaximum": "7",
                  "characterSet": "[0-7]*",
                  "length": 1,
                  "padChar": "0",
                  "padDir": "LEFT",
                  "name": "filter"
                },
                {
                  "seq": 2,
                  "decimalMinimum": "0",
                  "decimalMaximum": "99999999999",
                  "characterSet": "[0-9]*",
                  "length": 11,
                  "padChar": "0",
                  "padDir": "LEFT",
                  "name": "gs1companyprefix"
                },
                {
                  "seq": 3,
                  "decimalMinimum": "0",
                  "decimalMaximum": "9",
                  "characterSet": "[0-9]*",
                  "length": 1,
                  "padChar": "0",
                  "padDir": "LEFT",
                  "name": "locationref"
                },
                {
                  "seq": 4,
                  "characterSet": "(?:[A-Za-z0-9!'()*+,.:;=_-]|%22|%26|%2F|%3C|%3E|%3F|%25)*",
                  "name": "urnEscapedSerial"
                }
              ]
            },
            {
              "optionKey": "10",
              "pattern": "^urn:epc:tag:sgln-195:([0-7]{1})\\.([0-9]{10})\\.([0-9]{2})\\.((?:[A-Za-z0-9!'()*+,.:;=_-]|%22|%26|%2F|%3C|%3E|%3F|%25){1,20})$",
              "grammar": "'urn:epc:tag:sgln-195:' filter '.' gs1companyprefix '.' locationref '.' urnEscapedSerial",
              "field": [
                {
                  "seq": 1,
                  "decimalMinimum": "0",
                  "decimalMaximum": "7",
                  "characterSet": "[0-7]*",
                  "length": 1,
                  "padChar": "0",
                  "padDir": "LEFT",
                  "name": "filter"
                },
                {
                  "seq": 2,
                  "decimalMinimum": "0",
                  "decimalMaximum": "9999999999",
                  "characterSet": "[0-9]*",
                  "length": 10,
                  "padChar": "0",
                  "padDir": "LEFT",
                  "name": "gs1companyprefix"
                },
                {
                  "seq": 3,
                  "decimalMinimum": "0",
                  "decimalMaximum": "99",
                  "characterSet": "[0-9]*",
                  "length": 2,
                  "padChar": "0",
                  "padDir": "LEFT",
                  "name": "locationref"
                },
                {
                  "seq": 4,
                  "characterSet": "(?:[A-Za-z0-9!'()*+,.:;=_-]|%22|%26|%2F|%3C|%3E|%3F|%25)*",
                  "name": "urnEscapedSerial"
                }
              ]
            },
            {
              "optionKey": "9",
              "pattern": "^urn:epc:tag:sgln-195:([0-7]{1})\\.([0-9]{9})\\.([0-9]{3})\\.((?:[A-Za-z0-9!'()*+,.:;=_-]|%22|%26|%2F|%3C|%3E|%3F|%25){1,20})$",
              "grammar": "'urn:epc:tag:sgln-195:' filter '.' gs1companyprefix '.' locationref '.' urnEscapedSerial",
              "field": [
                {
                  "seq": 1,
                  "decimalMinimum": "0",
                  "decimalMaximum": "7",
                  "characterSet": "[0-7]*",
                  "length": 1,
                  "padChar": "0",
                  "padDir": "LEFT",
                  "name": "filter"
                },
                {
                  "seq": 2,
                  "decimalMinimum": "0",
                  "decimalMaximum": "999999999",
                  "characterSet": "[0-9]*",
                  "length": 9,
                  "padChar": "0",
                  "padDir": "LEFT",
                  "name": "gs1companyprefix"
                },
                {
                  "seq": 3,
                  "decimalMinimum": "0",
                  "decimalMaximum": "999",
                  "characterSet": "[0-9]*",
                  "length": 3,
                  "padChar": "0",
                  "padDir": "LEFT",
                  "name": "locationref"
                },
                {
                  "seq": 4,
                  "characterSet": "(?:[A-Za-z0-9!'()*+,.:;=_-]|%22|%26|%2F|%3C|%3E|%3F|%25)*",
                  "name": "urnEscapedSerial"
                }
              ]
            },
            {
              "optionKey": "8",
              "pattern": "^urn:epc:tag:sgln-195:([0-7]{1})\\.([0-9]{8})\\.([0-9]{4})\\.((?:[A-Za-z0-9!'()*+,.:;=_-]|%22|%26|%2F|%3C|%3E|%3F|%25){1,20})$",
              "grammar": "'urn:epc:tag:sgln-195:' filter '.' gs1companyprefix '.' locationref '.' urnEscapedSerial",
              "field": [
                {
                  "seq": 1,
                  "decimalMinimum": "0",
                  "decimalMaximum": "7",
                  "characterSet": "[0-7]*",
                  "length": 1,
                  "padChar": "0",
                  "padDir": "LEFT",
                  "name": "filter"
                },
                {
                  "seq": 2,
                  "decimalMinimum": "0",
                  "decimalMaximum": "99999999",
                  "characterSet": "[0-9]*",
                  "length": 8,
                  "padChar": "0",
                  "padDir": "LEFT",
                  "name": "gs1companyprefix"
                },
                {
                  "seq": 3,
                  "decimalMinimum": "0",
                  "decimalMaximum": "9999",
                  "characterSet": "[0-9]*",
                  "length": 4,
                  "padChar": "0",
                  "padDir": "LEFT",
                  "name": "locationref"
                },
                {
                  "seq": 4,
                  "characterSet": "(?:[A-Za-z0-9!'()*+,.:;=_-]|%22|%26|%2F|%3C|%3E|%3F|%25)*",
                  "name": "urnEscapedSerial"
                }
              ]
            },
            {
              "optionKey": "7",
              "pattern": "^urn:epc:tag:sgln-195:([0-7]{1})\\.([0-9]{7})\\.([0-9]{5})\\.((?:[A-Za-z0-9!'()*+,.:;=_-]|%22|%26|%2F|%3C|%3E|%3F|%25){1,20})$",
              "grammar": "'urn:epc:tag:sgln-195:' filter '.' gs1companyprefix '.' locationref '.' urnEscapedSerial",
              "field": [
                {
                  "seq": 1,
                  "decimalMinimum": "0",
                  "decimalMaximum": "7",
                  "characterSet": "[0-7]*",
                  "length": 1,
                  "padChar": "0",
                  "padDir": "LEFT",
                  "name": "filter"
                },
                {
                  "seq": 2,
                  "decimalMinimum": "0",
                  "decimalMaximum": "9999999",
                  "characterSet": "[0-9]*",
                  "length": 7,
                  "padChar": "0",
                  "padDir": "LEFT",
                  "name": "gs1companyprefix"
                },
                {
                  "seq": 3,
                  "decimalMinimum": "0",
                  "decimalMaximum": "99999",
                  "characterSet": "[0-9]*",
                  "length": 5,
                  "padChar": "0",
                  "padDir": "LEFT",
                  "name": "locationref"
                },
                {
                  "seq": 4,
                  "characterSet": "(?:[A-Za-z0-9!'()*+,.:;=_-]|%22|%26|%2F|%3C|%3E|%3F|%25)*",
                  "name": "urnEscapedSerial"
                }
              ]
            },
            {
              "optionKey": "6",
              "pattern": "^urn:epc:tag:sgln-195:([0-7]{1})\\.([0-9]{6})\\.([0-9]{6})\\.((?:[A-Za-z0-9!'()*+,.:;=_-]|%22|%26|%2F|%3C|%3E|%3F|%25){1,20})$",
              "grammar": "'urn:epc:tag:sgln-195:' filter '.' gs1companyprefix '.' locationref '.' urnEscapedSerial",
              "field": [
                {
                  "seq": 1,
                  "decimalMinimum": "0",
                  "decimalMaximum": "7",
                  "characterSet": "[0-7]*",
                  "length": 1,
                  "padChar": "0",
                  "padDir": "LEFT",
                  "name": "filter"
                },
                {
                  "seq": 2,
                  "decimalMinimum": "0",
                  "decimalMaximum": "999999",
                  "characterSet": "[0-9]*",
                  "length": 6,
                  "padChar": "0",
                  "padDir": "LEFT",
                  "name": "gs1companyprefix"
                },
                {
                  "seq": 3,
                  "decimalMinimum": "0",
                  "decimalMaximum": "999999",
                  "characterSet": "[0-9]*",
                  "length": 6,
                  "padChar": "0",
                  "padDir": "LEFT",
                  "name": "locationref"
                },
                {
                  "seq": 4,
                  "characterSet": "(?:[A-Za-z0-9!'()*+,.:;=_-]|%22|%26|%2F|%3C|%3E|%3F|%25)*",
                  "name": "urnEscapedSerial"
                }
              ]
            }
          ],
          "rule": [
            {
              "type": "EXTRACT",
              "inputFormat": "STRING",
              "seq": 1,
              "newFieldName": "serial",
              "characterSet": "[!%-?A-Z_a-z\\x22]*",
              "function": "URNDECODE(urnEscapedSerial)"
            },
            {
              "type": "FORMAT",
              "inputFormat": "STRING",
              "seq": 1,
              "newFieldName": "urnEscapedSerial",
              "characterSet": "(?:[A-Za-z0-9!'()*+,.:;=_-]|%22|%26|%2F|%3C|%3E|%3F|%25)*",
              "function": "URNENCODE(serial)"
            }
          ]
        },
        {
          "type": "PURE_IDENTITY",
          "prefixMatch": "urn:epc:id:sgln",
          "option": [
            {
              "optionKey": "12",
              "pattern": "^urn:epc:id:sgln:([0-9]{12})\\.()\\.((?:[A-Za-z0-9!'()*+,.:;=_-]|%22|%26|%2F|%3C|%3E|%3F|%25){1,20})$",
              "grammar": "'urn:epc:id:sgln:' gs1companyprefix '.' locationref '.' urnEscapedSerial",
              "field": [
                {
                  "seq": 1,
                  "decimalMinimum": "0",
                  "decimalMaximum": "999999999999",
                  "characterSet": "[0-9]*",
                  "length": 12,
                  "padChar": "0",
                  "padDir": "LEFT",
                  "name": "gs1companyprefix"
                },
                {
                  "seq": 2,
                  "decimalMinimum": "0",
                  "decimalMaximum": "0",
                  "characterSet": "[0-9]*",
                  "length": 0,
                  "padChar": "0",
                  "padDir": "LEFT",
                  "name": "locationref"
                },
                {
                  "seq": 3,
                  "characterSet": "(?:[A-Za-z0-9!'()*+,.:;=_-]|%22|%26|%2F|%3C|%3E|%3F|%25)*",
                  "name": "urnEscapedSerial"
                }
              ]
            },
            {
              "optionKey": "11",
              "pattern": "^urn:epc:id:sgln:([0-9]{11})\\.([0-9]{1})\\.((?:[A-Za-z0-9!'()*+,.:;=_-]|%22|%26|%2F|%3C|%3E|%3F|%25){1,20})$",
              "grammar": "'urn:epc:id:sgln:' gs1companyprefix '.' locationref '.' urnEscapedSerial",
              "field": [
                {
                  "seq": 1,
                  "decimalMinimum": "0",
                  "decimalMaximum": "99999999999",
                  "characterSet": "[0-9]*",
                  "length": 11,
                  "padChar": "0",
                  "padDir": "LEFT",
                  "name": "gs1companyprefix"
                },
                {
                  "seq": 2,
                  "decimalMinimum": "0",
                  "decimalMaximum": "9",
                  "characterSet": "[0-9]*",
                  "length": 1,
                  "padChar": "0",
                  "padDir": "LEFT",
                  "name": "locationref"
                },
                {
                  "seq": 3,
                  "characterSet": "(?:[A-Za-z0-9!'()*+,.:;=_-]|%22|%26|%2F|%3C|%3E|%3F|%25)*",
                  "name": "urnEscapedSerial"
                }
              ]
            },
            {
              "optionKey": "10",
              "pattern": "^urn:epc:id:sgln:([0-9]{10})\\.([0-9]{2})\\.((?:[A-Za-z0-9!'()*+,.:;=_-]|%22|%26|%2F|%3C|%3E|%3F|%25){1,20})$",
              "grammar": "'urn:epc:id:sgln:' gs1companyprefix '.' locationref '.' urnEscapedSerial",
              "field": [
                {
                  "seq": 1,
                  "decimalMinimum": "0",
                  "decimalMaximum": "9999999999",
                  "characterSet": "[0-9]*",
                  "length": 10,
                  "padChar": "0",
                  "padDir": "LEFT",
                  "name": "gs1companyprefix"
                },
                {
                  "seq": 2,
                  "decimalMinimum": "0",
                  "decimalMaximum": "99",
                  "characterSet": "[0-9]*",
                  "length": 2,
                  "padChar": "0",
                  "padDir": "LEFT",
                  "name": "locationref"
                },
                {
                  "seq": 3,
                  "characterSet": "(?:[A-Za-z0-9!'()*+,.:;=_-]|%22|%26|%2F|%3C|%3E|%3F|%25)*",
                  "name": "urnEscapedSerial"
                }
              ]
            },
            {
              "optionKey": "9",
              "pattern": "^urn:epc:id:sgln:([0-9]{9})\\.([0-9]{3})\\.((?:[A-Za-z0-9!'()*+,.:;=_-]|%22|%26|%2F|%3C|%3E|%3F|%25){1,20})$",
              "grammar": "'urn:epc:id:sgln:' gs1companyprefix '.' locationref '.' urnEscapedSerial",
              "field": [
                {
                  "seq": 1,
                  "decimalMinimum": "0",
                  "decimalMaximum": "999999999",
                  "characterSet": "[0-9]*",
                  "length": 9,
                  "padChar": "0",
                  "padDir": "LEFT",
                  "name": "gs1companyprefix"
                },
                {
                  "seq": 2,
                  "decimalMinimum": "0",
                  "decimalMaximum": "999",
                  "characterSet": "[0-9]*",
                  "length": 3,
                  "padChar": "0",
                  "padDir": "LEFT",
                  "name": "locationref"
                },
                {
                  "seq": 3,
                  "characterSet": "(?:[A-Za-z0-9!'()*+,.:;=_-]|%22|%26|%2F|%3C|%3E|%3F|%25)*",
                  "name": "urnEscapedSerial"
                }
              ]
            },
            {
              "optionKey": "8",
              "pattern": "^urn:epc:id:sgln:([0-9]{8})\\.([0-9]{4})\\.((?:[A-Za-z0-9!'()*+,.:;=_-]|%22|%26|%2F|%3C|%3E|%3F|%25){1,20})$",
              "grammar": "'urn:epc:id:sgln:' gs1companyprefix '.' locationref '.' urnEscapedSerial",
              "field": [
                {
                  "seq": 1,
                  "decimalMinimum": "0",
                  "decimalMaximum": "99999999",
                  "characterSet": "[0-9]*",
                  "length": 8,
                  "padChar": "0",
                  "padDir": "LEFT",
                  "name": "gs1companyprefix"
                },
                {
                  "seq": 2,
                  "decimalMinimum": "0",
                  "decimalMaximum": "9999",
                  "characterSet": "[0-9]*",
                  "length": 4,
                  "padChar": "0",
                  "padDir": "LEFT",
                  "name": "locationref"
                },
                {
                  "seq": 3,
                  "characterSet": "(?:[A-Za-z0-9!'()*+,.:;=_-]|%22|%26|%2F|%3C|%3E|%3F|%25)*",
                  "name": "urnEscapedSerial"
                }
              ]
            },
            {
              "optionKey": "7",
              "pattern": "^urn:epc:id:sgln:([0-9]{7})\\.([0-9]{5})\\.((?:[A-Za-z0-9!'()*+,.:;=_-]|%22|%26|%2F|%3C|%3E|%3F|%25){1,20})$",
              "grammar": "'urn:epc:id:sgln:' gs1companyprefix '.' locationref '.' urnEscapedSerial",
              "field": [
                {
                  "seq": 1,
                  "decimalMinimum": "0",
                  "decimalMaximum": "9999999",
                  "characterSet": "[0-9]*",
                  "length": 7,
                  "padChar": "0",
                  "padDir": "LEFT",
                  "name": "gs1companyprefix"
                },
                {
                  "seq": 2,
                  "decimalMinimum": "0",
                  "decimalMaximum": "99999",
                  "characterSet": "[0-9]*",
                  "length": 5,
                  "padChar": "0",
                  "padDir": "LEFT",
                  "name": "locationref"
                },
                {
                  "seq": 3,
                  "characterSet": "(?:[A-Za-z0-9!'()*+,.:;=_-]|%22|%26|%2F|%3C|%3E|%3F|%25)*",
                  "name": "urnEscapedSerial"
                }
              ]
            },
            {
              "optionKey": "6",
              "pattern": "^urn:epc:id:sgln:([0-9]{6})\\.([0-9]{6})\\.((?:[A-Za-z0-9!'()*+,.:;=_-]|%22|%26|%2F|%3C|%3E|%3F|%25){1,20})$",
              "grammar": "'urn:epc:id:sgln:' gs1companyprefix '.' locationref '.' urnEscapedSerial",
              "field": [
                {
                  "seq": 1,
                  "decimalMinimum": "0",
                  "decimalMaximum": "999999",
                  "characterSet": "[0-9]*",
                  "length": 6,
                  "padChar": "0",
                  "padDir": "LEFT",
                  "name": "gs1companyprefix"
                },
                {
                  "seq": 2,
                  "decimalMinimum": "0",
                  "decimalMaximum": "999999",
                  "characterSet": "[0-9]*",
                  "length": 6,
                  "padChar": "0",
                  "padDir": "LEFT",
                  "name": "locationref"
                },
                {
                  "seq": 3,
                  "characterSet": "(?:[A-Za-z0-9!'()*+,.:;=_-]|%22|%26|%2F|%3C|%3E|%3F|%25)*",
                  "name": "urnEscapedSerial"
                }
              ]
            }
          ],
          "rule": [
            {
              "type": "EXTRACT",
              "inputFormat": "STRING",
              "seq": 1,
              "newFieldName": "serial",
              "characterSet": "[!%-?A-Z_a-z\\x22]*",
              "function": "URNDECODE(urnEscapedSerial)"
            },
            {
              "type": "FORMAT",
              "inputFormat": "STRING",
              "seq": 1,
              "newFieldName": "urnEscapedSerial",
              "characterSet": "(?:[A-Za-z0-9!'()*+,.:;=_-]|%22|%26|%2F|%3C|%3E|%3F|%25)*",
              "function": "URNENCODE(serial)"
            }
          ]
        },
        {
          "type": "BARE_IDENTIFIER",
          "prefixMatch": "gln=",
          "requiredParsingParameters": "gs1companyprefixlength",
          "option": [
            {
              "optionKey": "12",
              "pattern": "^gln=([0-9]{13})(?:;serial=([!%-?A-Z_a-z\\x22]{1,20}))?$",
              "grammar": "'gln=' gs1companyprefix locationref checkdigit ';serial=' serial",
              "field": [
                {
                  "seq": 1,
                  "decimalMinimum": "0",
                  "decimalMaximum": "9999999999999",
                  "characterSet": "[0-9]*",
                  "length": 13,
                  "padChar": "0",
                  "padDir": "LEFT",
                  "name": "gln",
                  "gcpOffset": 0
                },
                {
                  "seq": 2,
                  "characterSet": "[!%-?A-Z_a-z\\x22]*",
                  "name": "serial"
                }
              ]
            },
            {
              "optionKey": "11",
              "pattern": "^gln=([0-9]{13})(?:;serial=([!%-?A-Z_a-z\\x22]{1,20}))?$",
              "grammar": "'gln=' gs1companyprefix locationref checkdigit ';serial=' serial",
              "field": [
                {
                  "seq": 1,
                  "decimalMinimum": "0",
                  "decimalMaximum": "9999999999999",
                  "characterSet": "[0-9]*",
                  "length": 13,
                  "padChar": "0",
                  "padDir": "LEFT",
                  "name": "gln",
                  "gcpOffset": 0
                },
                {
                  "seq": 2,
                  "characterSet": "[!%-?A-Z_a-z\\x22]*",
                  "name": "serial"
                }
              ]
            },
            {
              "optionKey": "10",
              "pattern": "^gln=([0-9]{13})(?:;serial=([!%-?A-Z_a-z\\x22]{1,20}))?$",
              "grammar": "'gln=' gs1companyprefix locationref checkdigit ';serial=' serial",
              "field": [
                {
                  "seq": 1,
                  "decimalMinimum": "0",
                  "decimalMaximum": "9999999999999",
                  "characterSet": "[0-9]*",
                  "length": 13,
                  "padChar": "0",
                  "padDir": "LEFT",
                  "name": "gln",
                  "gcpOffset": 0
                },
                {
                  "seq": 2,
                  "characterSet": "[!%-?A-Z_a-z\\x22]*",
                  "name": "serial"
                }
              ]
            },
            {
              "optionKey": "9",
              "pattern": "^gln=([0-9]{13})(?:;serial=([!%-?A-Z_a-z\\x22]{1,20}))?$",
              "grammar": "'gln=' gs1companyprefix locationref checkdigit ';serial=' serial",
              "field": [
                {
                  "seq": 1,
                  "decimalMinimum": "0",
                  "decimalMaximum": "9999999999999",
                  "characterSet": "[0-9]*",
                  "length": 13,
                  "padChar": "0",
                  "padDir": "LEFT",
                  "name": "gln",
                  "gcpOffset": 0
                },
                {
                  "seq": 2,
                  "characterSet": "[!%-?A-Z_a-z\\x22]*",
                  "name": "serial"
                }
              ]
            },
            {
              "optionKey": "8",
              "pattern": "^gln=([0-9]{13})(?:;serial=([!%-?A-Z_a-z\\x22]{1,20}))?$",
              "grammar": "'gln=' gs1companyprefix locationref checkdigit ';serial=' serial",
              "field": [
                {
                  "seq": 1,
                  "decimalMinimum": "0",
                  "decimalMaximum": "9999999999999",
                  "characterSet": "[0-9]*",
                  "length": 13,
                  "padChar": "0",
                  "padDir": "LEFT",
                  "name": "gln",
                  "gcpOffset": 0
                },
                {
                  "seq": 2,
                  "characterSet": "[!%-?A-Z_a-z\\x22]*",
                  "name": "serial"
                }
              ]
            },
            {
              "optionKey": "7",
              "pattern": "^gln=([0-9]{13})(?:;serial=([!%-?A-Z_a-z\\x22]{1,20}))?$",
              "grammar": "'gln=' gs1companyprefix locationref checkdigit ';serial=' serial",
              "field": [
                {
                  "seq": 1,
                  "decimalMinimum": "0",
                  "decimalMaximum": "9999999999999",
                  "characterSet": "[0-9]*",
                  "length": 13,
                  "padChar": "0",
                  "padDir": "LEFT",
                  "name": "gln",
                  "gcpOffset": 0
                },
                {
                  "seq": 2,
                  "characterSet": "[!%-?A-Z_a-z\\x22]*",
                  "name": "serial"
                }
              ]
            },
            {
              "optionKey": "6",
              "pattern": "^gln=([0-9]{13})(?:;serial=([!%-?A-Z_a-z\\x22]{1,20}))?$",
              "grammar": "'gln=' gs1companyprefix locationref checkdigit ';serial=' serial",
              "field": [
                {
                  "seq": 1,
                  "decimalMinimum": "0",
                  "decimalMaximum": "9999999999999",
                  "characterSet": "[0-9]*",
                  "length": 13,
                  "padChar": "0",
                  "padDir": "LEFT",
                  "name": "gln",
                  "gcpOffset": 0
                },
                {
                  "seq": 2,
                  "characterSet": "[!%-?A-Z_a-z\\x22]*",
                  "name": "serial"
                }
              ]
            }
          ],
          "rule": [
            {
              "type": "EXTRACT",
              "inputFormat": "STRING",
              "seq": 1,
              "newFieldName": "glnprefixremainder",
              "characterSet": "[0-9]*",
              "length": 12,
              "function": "SUBSTR(gln,0,12)"
            },
            {
              "type": "EXTRACT",
              "inputFormat": "STRING",
              "seq": 2,
              "newFieldName": "locationref",
              "characterSet": "[0-9]*",
              "function": "SUBSTR(glnprefixremainder,gs1companyprefixlength)"
            },
            {
              "type": "EXTRACT",
              "inputFormat": "STRING",
              "seq": 3,
              "newFieldName": "gs1companyprefix",
              "characterSet": "[0-9]*",
              "function": "SUBSTR(glnprefixremainder,0,gs1companyprefixlength)"
            },
            {
              "type": "FORMAT",
              "inputFormat": "STRING",
              "seq": 1,
              "newFieldName": "glnprefix",
              "characterSet": "[0-9]*",
              "length": 12,
              "function": "CONCAT(gs1companyprefix,locationref)"
            },
            {
              "type": "FORMAT",
              "inputFormat": "STRING",
              "seq": 2,
              "newFieldName": "checkdigit",
              "characterSet": "[0-9]*",
              "length": 1,
              "function": "GS1CHECKSUM(glnprefix)"
            }
          ]
        },
        {
          "type": "GS1_AI_JSON",
          "prefixMatch": "{",
          "requiredParsingParameters": "gs1companyprefixlength",
          "option": [
            {
              "optionKey": "12",
              "pattern": "^\\{\\s*\"414\"\\s*:\\s*\"([0-9]{13})\"\\s*,\\s*\"254\"\\s*:\\s*\"((?:[!%-?A-Z_a-z]|\\\\\"){1,20})\"",
              "grammar": "'{\"414\":\"' gs1companyprefix locationref checkdigit '\",\"254\":\"' serial '\"}'",
              "aiSequence": [
                "414",
                "254"
              ],
              "field": [
                {
                  "seq": 1,
                  "decimalMinimum": "0",
                  "decimalMaximum": "9999999999999",
                  "characterSet": "[0-9]*",
                  "length": 13,
                  "padChar": "0",
                  "padDir": "LEFT",
                  "name": "gln",
                  "gcpOffset": 0
                },
                {
                  "seq": 2,
                  "characterSet": "[!%-?A-Z_a-z\\x22]*",
                  "name": "serial"
                }
              ]
            },
            {
              "optionKey": "11",
              "pattern": "^\\{\\s*\"414\"\\s*:\\s*\"([0-9]{13})\"\\s*,\\s*\"254\"\\s*:\\s*\"((?:[!%-?A-Z_a-z]|\\\\\"){1,20})\"",
              "grammar": "'{\"414\":\"' gs1companyprefix locationref checkdigit '\",\"254\":\"' serial '\"}'",
              "aiSequence": [
                "414",
                "254"
              ],
              "field": [
                {
                  "seq": 1,
                  "decimalMinimum": "0",
                  "decimalMaximum": "9999999999999",
                  "characterSet": "[0-9]*",
                  "length": 13,
                  "padChar": "0",
                  "padDir": "LEFT",
                  "name": "gln",
                  "gcpOffset": 0
                },
                {
                  "seq": 2,
                  "characterSet": "[!%-?A-Z_a-z\\x22]*",
                  "name": "serial"
                }
              ]
            },
            {
              "optionKey": "10",
              "pattern": "^\\{\\s*\"414\"\\s*:\\s*\"([0-9]{13})\"\\s*,\\s*\"254\"\\s*:\\s*\"((?:[!%-?A-Z_a-z]|\\\\\"){1,20})\"",
              "grammar": "'{\"414\":\"' gs1companyprefix locationref checkdigit '\",\"254\":\"' serial '\"}'",
              "aiSequence": [
                "414",
                "254"
              ],
              "field": [
                {
                  "seq": 1,
                  "decimalMinimum": "0",
                  "decimalMaximum": "9999999999999",
                  "characterSet": "[0-9]*",
                  "length": 13,
                  "padChar": "0",
                  "padDir": "LEFT",
                  "name": "gln",
                  "gcpOffset": 0
                },
                {
                  "seq": 2,
                  "characterSet": "[!%-?A-Z_a-z\\x22]*",
                  "name": "serial"
                }
              ]
            },
            {
              "optionKey": "9",
              "pattern": "^\\{\\s*\"414\"\\s*:\\s*\"([0-9]{13})\"\\s*,\\s*\"254\"\\s*:\\s*\"((?:[!%-?A-Z_a-z]|\\\\\"){1,20})\"",
              "grammar": "'{\"414\":\"' gs1companyprefix locationref checkdigit '\",\"254\":\"' serial '\"}'",
              "aiSequence": [
                "414",
                "254"
              ],
              "field": [
                {
                  "seq": 1,
                  "decimalMinimum": "0",
                  "decimalMaximum": "9999999999999",
                  "characterSet": "[0-9]*",
                  "length": 13,
                  "padChar": "0",
                  "padDir": "LEFT",
                  "name": "gln",
                  "gcpOffset": 0
                },
                {
                  "seq": 2,
                  "characterSet": "[!%-?A-Z_a-z\\x22]*",
                  "name": "serial"
                }
              ]
            },
            {
              "optionKey": "8",
              "pattern": "^\\{\\s*\"414\"\\s*:\\s*\"([0-9]{13})\"\\s*,\\s*\"254\"\\s*:\\s*\"((?:[!%-?A-Z_a-z]|\\\\\"){1,20})\"",
              "grammar": "'{\"414\":\"' gs1companyprefix locationref checkdigit '\",\"254\":\"' serial '\"}'",
              "aiSequence": [
                "414",
                "254"
              ],
              "field": [
                {
                  "seq": 1,
                  "decimalMinimum": "0",
                  "decimalMaximum": "9999999999999",
                  "characterSet": "[0-9]*",
                  "length": 13,
                  "padChar": "0",
                  "padDir": "LEFT",
                  "name": "gln",
                  "gcpOffset": 0
                },
                {
                  "seq": 2,
                  "characterSet": "[!%-?A-Z_a-z\\x22]*",
                  "name": "serial"
                }
              ]
            },
            {
              "optionKey": "7",
              "pattern": "^\\{\\s*\"414\"\\s*:\\s*\"([0-9]{13})\"\\s*,\\s*\"254\"\\s*:\\s*\"((?:[!%-?A-Z_a-z]|\\\\\"){1,20})\"",
              "grammar": "'{\"414\":\"' gs1companyprefix locationref checkdigit '\",\"254\":\"' serial '\"}'",
              "aiSequence": [
                "414",
                "254"
              ],
              "field": [
                {
                  "seq": 1,
                  "decimalMinimum": "0",
                  "decimalMaximum": "9999999999999",
                  "characterSet": "[0-9]*",
                  "length": 13,
                  "padChar": "0",
                  "padDir": "LEFT",
                  "name": "gln",
                  "gcpOffset": 0
                },
                {
                  "seq": 2,
                  "characterSet": "[!%-?A-Z_a-z\\x22]*",
                  "name": "serial"
                }
              ]
            },
            {
              "optionKey": "6",
              "pattern": "^\\{\\s*\"414\"\\s*:\\s*\"([0-9]{13})\"\\s*,\\s*\"254\"\\s*:\\s*\"((?:[!%-?A-Z_a-z]|\\\\\"){1,20})\"",
              "grammar": "'{\"414\":\"' gs1companyprefix locationref checkdigit '\",\"254\":\"' serial '\"}'",
              "aiSequence": [
                "414",
                "254"
              ],
              "field": [
                {
                  "seq": 1,
                  "decimalMinimum": "0",
                  "decimalMaximum": "9999999999999",
                  "characterSet": "[0-9]*",
                  "length": 13,
                  "padChar": "0",
                  "padDir": "LEFT",
                  "name": "gln",
                  "gcpOffset": 0
                },
                {
                  "seq": 2,
                  "characterSet": "[!%-?A-Z_a-z\\x22]*",
                  "name": "serial"
                }
              ]
            }
          ],
          "rule": [
            {
              "type": "EXTRACT",
              "inputFormat": "STRING",
              "seq": 1,
              "newFieldName": "glnprefixremainder",
              "characterSet": "[0-9]*",
              "length": 12,
              "function": "SUBSTR(gln,0,12)"
            },
            {
              "type": "EXTRACT",
              "inputFormat": "STRING",
              "seq": 2,
              "newFieldName": "locationref",
              "characterSet": "[0-9]*",
              "function": "SUBSTR(glnprefixremainder,gs1companyprefixlength)"
            },
            {
              "type": "EXTRACT",
              "inputFormat": "STRING",
              "seq": 3,
              "newFieldName": "gs1companyprefix",
              "characterSet": "[0-9]*",
              "function": "SUBSTR(glnprefixremainder,0,gs1companyprefixlength)"
            },
            {
              "type": "FORMAT",
              "inputFormat": "STRING",
              "seq": 1,
              "newFieldName": "glnprefix",
              "characterSet": "[0-9]*",
              "length": 12,
              "function": "CONCAT(gs1companyprefix,locationref)"
            },
            {
              "type": "FORMAT",
              "inputFormat": "STRING",
              "seq": 2,
              "newFieldName": "checkdigit",
              "characterSet": "[0-9]*",
              "length": 1,
              "function": "GS1CHECKSUM(glnprefix)"
            }
          ]
        },
        {
          "type": "GS1_DIGITAL_LINK",
          "prefixMatch": "http",
          "requiredFormattingParameters": "uriStem",
          "requiredParsingParameters": "gs1companyprefixlength",
          "option": [
            {
              "optionKey": "12",
              "pattern": "\\/414\\/([0-9]{13})(?:\\/254\\/((?:[A-Za-z0-9\"._-]|%21|%26|%27|%28|%29|%2A|%2B|%2C|%2F|%3A|%3B|%3C|%3D|%3E|%3F|%25){1,20}))?(?:\\?|$)",
              "grammar": "uriStem '/414/' gs1companyprefix locationref checkdigit '/254/' urlEscapedSerial",
              "field": [
                {
                  "seq": 1,
                  "decimalMinimum": "0",
                  "decimalMaximum": "9999999999999",
                  "characterSet": "[0-9]*",
                  "length": 13,
                  "padChar": "0",
                  "padDir": "LEFT",
                  "name": "gln",
                  "gcpOffset": 0
                },
                {
                  "seq": 2,
                  "characterSet": "(?:[A-Za-z0-9\"._-]|%21|%26|%27|%28|%29|%2A|%2B|%2C|%2F|%3A|%3B|%3C|%3D|%3E|%3F|%25)*",
                  "name": "urlEscapedSerial"
                }
              ],
              "aiSequence": [
                "414",
                "254"
              ]
            },
            {
              "optionKey": "11",
              "pattern": "\\/414\\/([0-9]{13})(?:\\/254\\/((?:[A-Za-z0-9\"._-]|%21|%26|%27|%28|%29|%2A|%2B|%2C|%2F|%3A|%3B|%3C|%3D|%3E|%3F|%25){1,20}))?(?:\\?|$)",
              "grammar": "uriStem '/414/' gs1companyprefix locationref checkdigit '/254/' urlEscapedSerial",
              "field": [
                {
                  "seq": 1,
                  "decimalMinimum": "0",
                  "decimalMaximum": "9999999999999",
                  "characterSet": "[0-9]*",
                  "length": 13,
                  "padChar": "0",
                  "padDir": "LEFT",
                  "name": "gln",
                  "gcpOffset": 0
                },
                {
                  "seq": 2,
                  "characterSet": "(?:[A-Za-z0-9\"._-]|%21|%26|%27|%28|%29|%2A|%2B|%2C|%2F|%3A|%3B|%3C|%3D|%3E|%3F|%25)*",
                  "name": "urlEscapedSerial"
                }
              ],
              "aiSequence": [
                "414",
                "254"
              ]
            },
            {
              "optionKey": "10",
              "pattern": "\\/414\\/([0-9]{13})(?:\\/254\\/((?:[A-Za-z0-9\"._-]|%21|%26|%27|%28|%29|%2A|%2B|%2C|%2F|%3A|%3B|%3C|%3D|%3E|%3F|%25){1,20}))?(?:\\?|$)",
              "grammar": "uriStem '/414/' gs1companyprefix locationref checkdigit '/254/' urlEscapedSerial",
              "field": [
                {
                  "seq": 1,
                  "decimalMinimum": "0",
                  "decimalMaximum": "9999999999999",
                  "characterSet": "[0-9]*",
                  "length": 13,
                  "padChar": "0",
                  "padDir": "LEFT",
                  "name": "gln",
                  "gcpOffset": 0
                },
                {
                  "seq": 2,
                  "characterSet": "(?:[A-Za-z0-9\"._-]|%21|%26|%27|%28|%29|%2A|%2B|%2C|%2F|%3A|%3B|%3C|%3D|%3E|%3F|%25)*",
                  "name": "urlEscapedSerial"
                }
              ],
              "aiSequence": [
                "414",
                "254"
              ]
            },
            {
              "optionKey": "9",
              "pattern": "\\/414\\/([0-9]{13})(?:\\/254\\/((?:[A-Za-z0-9\"._-]|%21|%26|%27|%28|%29|%2A|%2B|%2C|%2F|%3A|%3B|%3C|%3D|%3E|%3F|%25){1,20}))?(?:\\?|$)",
              "grammar": "uriStem '/414/' gs1companyprefix locationref checkdigit '/254/' urlEscapedSerial",
              "field": [
                {
                  "seq": 1,
                  "decimalMinimum": "0",
                  "decimalMaximum": "9999999999999",
                  "characterSet": "[0-9]*",
                  "length": 13,
                  "padChar": "0",
                  "padDir": "LEFT",
                  "name": "gln",
                  "gcpOffset": 0
                },
                {
                  "seq": 2,
                  "characterSet": "(?:[A-Za-z0-9\"._-]|%21|%26|%27|%28|%29|%2A|%2B|%2C|%2F|%3A|%3B|%3C|%3D|%3E|%3F|%25)*",
                  "name": "urlEscapedSerial"
                }
              ],
              "aiSequence": [
                "414",
                "254"
              ]
            },
            {
              "optionKey": "8",
              "pattern": "\\/414\\/([0-9]{13})(?:\\/254\\/((?:[A-Za-z0-9\"._-]|%21|%26|%27|%28|%29|%2A|%2B|%2C|%2F|%3A|%3B|%3C|%3D|%3E|%3F|%25){1,20}))?(?:\\?|$)",
              "grammar": "uriStem '/414/' gs1companyprefix locationref checkdigit '/254/' urlEscapedSerial",
              "field": [
                {
                  "seq": 1,
                  "decimalMinimum": "0",
                  "decimalMaximum": "9999999999999",
                  "characterSet": "[0-9]*",
                  "length": 13,
                  "padChar": "0",
                  "padDir": "LEFT",
                  "name": "gln",
                  "gcpOffset": 0
                },
                {
                  "seq": 2,
                  "characterSet": "(?:[A-Za-z0-9\"._-]|%21|%26|%27|%28|%29|%2A|%2B|%2C|%2F|%3A|%3B|%3C|%3D|%3E|%3F|%25)*",
                  "name": "urlEscapedSerial"
                }
              ],
              "aiSequence": [
                "414",
                "254"
              ]
            },
            {
              "optionKey": "7",
              "pattern": "\\/414\\/([0-9]{13})(?:\\/254\\/((?:[A-Za-z0-9\"._-]|%21|%26|%27|%28|%29|%2A|%2B|%2C|%2F|%3A|%3B|%3C|%3D|%3E|%3F|%25){1,20}))?(?:\\?|$)",
              "grammar": "uriStem '/414/' gs1companyprefix locationref checkdigit '/254/' urlEscapedSerial",
              "field": [
                {
                  "seq": 1,
                  "decimalMinimum": "0",
                  "decimalMaximum": "9999999999999",
                  "characterSet": "[0-9]*",
                  "length": 13,
                  "padChar": "0",
                  "padDir": "LEFT",
                  "name": "gln",
                  "gcpOffset": 0
                },
                {
                  "seq": 2,
                  "characterSet": "(?:[A-Za-z0-9\"._-]|%21|%26|%27|%28|%29|%2A|%2B|%2C|%2F|%3A|%3B|%3C|%3D|%3E|%3F|%25)*",
                  "name": "urlEscapedSerial"
                }
              ],
              "aiSequence": [
                "414",
                "254"
              ]
            },
            {
              "optionKey": "6",
              "pattern": "\\/414\\/([0-9]{13})(?:\\/254\\/((?:[A-Za-z0-9\"._-]|%21|%26|%27|%28|%29|%2A|%2B|%2C|%2F|%3A|%3B|%3C|%3D|%3E|%3F|%25){1,20}))?(?:\\?|$)",
              "grammar": "uriStem '/414/' gs1companyprefix locationref checkdigit '/254/' urlEscapedSerial",
              "field": [
                {
                  "seq": 1,
                  "decimalMinimum": "0",
                  "decimalMaximum": "9999999999999",
                  "characterSet": "[0-9]*",
                  "length": 13,
                  "padChar": "0",
                  "padDir": "LEFT",
                  "name": "gln",
                  "gcpOffset": 0
                },
                {
                  "seq": 2,
                  "characterSet": "(?:[A-Za-z0-9\"._-]|%21|%26|%27|%28|%29|%2A|%2B|%2C|%2F|%3A|%3B|%3C|%3D|%3E|%3F|%25)*",
                  "name": "urlEscapedSerial"
                }
              ],
              "aiSequence": [
                "414",
                "254"
              ]
            }
          ],
          "rule": [
            {
              "type": "EXTRACT",
              "inputFormat": "STRING",
              "seq": 1,
              "newFieldName": "glnprefixremainder",
              "characterSet": "[0-9]*",
              "length": 12,
              "function": "SUBSTR(gln,0,12)"
            },
            {
              "type": "EXTRACT",
              "inputFormat": "STRING",
              "seq": 2,
              "newFieldName": "locationref",
              "characterSet": "[0-9]*",
              "function": "SUBSTR(glnprefixremainder,gs1companyprefixlength)"
            },
            {
              "type": "EXTRACT",
              "inputFormat": "STRING",
              "seq": 3,
              "newFieldName": "gs1companyprefix",
              "characterSet": "[0-9]*",
              "function": "SUBSTR(glnprefixremainder,0,gs1companyprefixlength)"
            },
            {
              "type": "EXTRACT",
              "inputFormat": "STRING",
              "seq": 4,
              "newFieldName": "serial",
              "characterSet": "[!%-?A-Z_a-z\\x22]*",
              "function": "URLDECODE(urlEscapedSerial)"
            },
            {
              "type": "FORMAT",
              "inputFormat": "STRING",
              "seq": 1,
              "newFieldName": "glnprefix",
              "characterSet": "[0-9]*",
              "length": 12,
              "function": "CONCAT(gs1companyprefix,locationref)"
            },
            {
              "type": "FORMAT",
              "inputFormat": "STRING",
              "seq": 2,
              "newFieldName": "checkdigit",
              "characterSet": "[0-9]*",
              "length": 1,
              "function": "GS1CHECKSUM(glnprefix)"
            },
            {
              "type": "FORMAT",
              "inputFormat": "STRING",
              "seq": 3,
              "newFieldName": "urlEscapedSerial",
              "characterSet": "(?:[A-Za-z0-9\"._-]|%21|%26|%27|%28|%29|%2A|%2B|%2C|%2F|%3A|%3B|%3C|%3D|%3E|%3F|%25)*",
              "function": "URLENCODE(serial)"
            }
          ],
          "gs1DigitalLinkKeyQualifiers": [
            "254"
          ]
        }
      ]
    }
  }
}