{
  "tdt:epcTagDataTranslation": {
    "version": "2.2",
    "date": "2024-11-18T16:30:00Z",
    "epcTDSVersion": "2.2",
    "scheme": {
      "name": "SGTIN-198",
      "optionKey": "gs1companyprefixlength",
      "tagLength": 198,
      "level": [
        {
          "type": "BINARY",
          "prefixMatch": "00110110",
          "requiredFormattingParameters": "filter,tagLength",
          "option": [
            {
              "optionKey": "12",
              "pattern": "^00110110([01]{3})000([01]{40})([01]{4})([01]{140})",
              "grammar": "'00110110' filter '000' gs1companyprefix itemref serial",
              "field": [
                {
                  "seq": 1,
                  "decimalMinimum": "0",
                  "decimalMaximum": "7",
                  "characterSet": "[01]*",
                  "bitPadDir": "LEFT",
                  "bitLength": 3,
                  "name": "filter",
                  "length": 1
                },
                {
                  "seq": 2,
                  "decimalMinimum": "0",
                  "decimalMaximum": "999999999999",
                  "characterSet": "[01]*",
                  "bitPadDir": "LEFT",
                  "bitLength": 40,
                  "name": "gs1companyprefix",
                  "length": 12
                },
                {
                  "seq": 3,
                  "decimalMinimum": "0",
                  "decimalMaximum": "9",
                  "characterSet": "[01]*",
                  "bitPadDir": "LEFT",
                  "bitLength": 4,
                  "name": "itemref",
                  "length": 1
                },
                {
                  "seq": 4,
                  "characterSet": "[01]*",
                  "bitPadDir": "RIGHT",
                  "bitLength": 140,
                  "compaction": "7-bit",
                  "name": "serial"
                }
              ]
            },
            {
              "optionKey": "11",
              "pattern": "^00110110([01]{3})001([01]{37})([01]{7})([01]{140})",
              "grammar": "'00110110' filter '001' gs1companyprefix itemref serial",
              "field": [
                {
                  "seq": 1,
                  "decimalMinimum": "0",
                  "decimalMaximum": "7",
                  "characterSet": "[01]*",
                  "bitPadDir": "LEFT",
                  "bitLength": 3,
                  "name": "filter",
                  "length": 1
                },
                {
                  "seq": 2,
                  "decimalMinimum": "0",
                  "decimalMaximum": "99999999999",
                  "characterSet": "[01]*",
                  "bitPadDir": "LEFT",
                  "bitLength": 37,
                  "name": "gs1companyprefix",
                  "length": 11
                },
                {
                  "seq": 3,
                  "decimalMinimum": "0",
                  "decimalMaximum": "99",
                  "characterSet": "[01]*",
                  "bitPadDir": "LEFT",
                  "bitLength": 7,
                  "name": "itemref",
                  "length": 2
                },
                {
                  "seq": 4,
                  "characterSet": "[01]*",
                  "bitPadDir": "RIGHT",
                  "bitLength": 140,
                  "compaction": "7-bit",
                  "name": "serial"
                }
              ]
            },
            {
              "optionKey": "10",
              "pattern": "^00110110([01]{3})010([01]{34})([01]{10})([01]{140})",
              "grammar": "'00110110' filter '010' gs1companyprefix itemref serial",
              "field": [
                {
                  "seq": 1,
                  "decimalMinimum": "0",
                  "decimalMaximum": "7",
                  "characterSet": "[01]*",
                  "bitPadDir": "LEFT",
                  "bitLength": 3,
                  "name": "filter",
                  "length": 1
                },
                {
                  "seq": 2,
                  "decimalMinimum": "0",
                  "decimalMaximum": "9999999999",
                  "characterSet": "[01]*",
                  "bitPadDir": "LEFT",
                  "bitLength": 34,
                  "name": "gs1companyprefix",
                  "length": 10
                },
                {
                  "seq": 3,
                  "decimalMinimum": "0",
                  "decimalMaximum": "999",
                  "characterSet": "[01]*",
                  "bitPadDir": "LEFT",
                  "bitLength": 10,
                  "name": "itemref",
                  "length": 3
                },
                {
                  "seq": 4,
                  "characterSet": "[01]*",
                  "bitPadDir": "RIGHT",
                  "bitLength": 140,
                  "compaction": "7-bit",
                  "name": "serial"
                }
              ]
            },
            {
              "optionKey": "9",
              "pattern": "^00110110([01]{3})011([01]{30})([01]{14})([01]{140})",
              "grammar": "'00110110' filter '011' gs1companyprefix itemref serial",
              "field": [
                {
                  "seq": 1,
                  "decimalMinimum": "0",
                  "decimalMaximum": "7",
                  "characterSet": "[01]*",
                  "bitPadDir": "LEFT",
                  "bitLength": 3,
                  "name": "filter",
                  "length": 1
                },
                {
                  "seq": 2,
                  "decimalMinimum": "0",
                  "decimalMaximum": "999999999",
                  "characterSet": "[01]*",
                  "bitPadDir": "LEFT",
                  "bitLength": 30,
                  "name": "gs1companyprefix",
                  "length": 9
                },
                {
                  "seq": 3,
                  "decimalMinimum": "0",
                  "decimalMaximum": "9999",
                  "characterSet": "[01]*",
                  "bitPadDir": "LEFT",
                  "bitLength": 14,
                  "name": "itemref",
                  "length": 4
                },
                {
                  "seq": 4,
                  "characterSet": "[01]*",
                  "bitPadDir": "RIGHT",
                  "bitLength": 140,
                  "compaction": "7-bit",
                  "name": "serial"
                }
              ]
            },
            {
              "optionKey": "8",
              "pattern": "^00110110([01]{3})100([01]{27})([01]{17})([01]{140})",
              "grammar": "'00110110' filter '100' gs1companyprefix itemref serial",
              "field": [
                {
                  "seq": 1,
                  "decimalMinimum": "0",
                  "decimalMaximum": "7",
                  "characterSet": "[01]*",
                  "bitPadDir": "LEFT",
                  "bitLength": 3,
                  "name": "filter",
                  "length": 1
                },
                {
                  "seq": 2,
                  "decimalMinimum": "0",
                  "decimalMaximum": "99999999",
                  "characterSet": "[01]*",
                  "bitPadDir": "LEFT",
                  "bitLength": 27,
                  "name": "gs1companyprefix",
                  "length": 8
                },
                {
                  "seq": 3,
                  "decimalMinimum": "0",
                  "decimalMaximum": "99999",
                  "characterSet": "[01]*",
                  "bitPadDir": "LEFT",
                  "bitLength": 17,
                  "name": "itemref",
                  "length": 5
                },
                {
                  "seq": 4,
                  "characterSet": "[01]*",
                  "bitPadDir": "RIGHT",
                  "bitLength": 140,
                  "compaction": "7-bit",
                  "name": "serial"
                }
              ]
            },
            {
              "optionKey": "7",
              "pattern": "^00110110([01]{3})101([01]{24})([01]{20})([01]{140})",
              "grammar": "'00110110' filter '101' gs1companyprefix itemref serial",
              "field": [
                {
                  "seq": 1,
                  "decimalMinimum": "0",
                  "decimalMaximum": "7",
                  "characterSet": "[01]*",
                  "bitPadDir": "LEFT",
                  "bitLength": 3,
                  "name": "filter",
                  "length": 1
                },
                {
                  "seq": 2,
                  "decimalMinimum": "0",
                  "decimalMaximum": "9999999",
                  "characterSet": "[01]*",
                  "bitPadDir": "LEFT",
                  "bitLength": 24,
                  "name": "gs1companyprefix",
                  "length": 7
                },
                {
                  "seq": 3,
                  "decimalMinimum": "0",
                  "decimalMaximum": "999999",
                  "characterSet": "[01]*",
                  "bitPadDir": "LEFT",
                  "bitLength": 20,
                  "name": "itemref",
                  "length": 6
                },
                {
                  "seq": 4,
                  "characterSet": "[01]*",
                  "bitPadDir": "RIGHT",
                  "bitLength": 140,
                  "compaction": "7-bit",
                  "name": "serial"
                }
              ]
            },
            {
              "optionKey": "6",
              "pattern": "^00110110([01]{3})110([01]{20})([01]{24})([01]{140})",
              "grammar": "'00110110' filter '110' gs1companyprefix itemref serial",
              "field": [
                {
                  "seq": 1,
                  "decimalMinimum": "0",
                  "decimalMaximum": "7",
                  "characterSet": "[01]*",
                  "bitPadDir": "LEFT",
                  "bitLength": 3,
                  "name": "filter",
                  "length": 1
                },
                {
                  "seq": 2,
                  "decimalMinimum": "0",
                  "decimalMaximum": "999999",
                  "characterSet": "[01]*",
                  "bitPadDir": "LEFT",
                  "bitLength": 20,
                  "name": "gs1companyprefix",
                  "length": 6
                },
                {
                  "seq": 3,
                  "decimalMinimum": "0",
                  "decimalMaximum": "9999999",
                  "characterSet": "[01]*",
                  "bitPadDir": "LEFT",
                  "bitLength": 24,
                  "name": "itemref",
                  "length": 7
                },
                {
                  "seq": 4,
                  "characterSet": "[01]*",
                  "bitPadDir": "RIGHT",
                  "bitLength": 140,
                  "compaction": "7-bit",
                  "name": "serial"
                }
              ]
            }
          ]
        },
        {
          "type": "TAG_ENCODING",
          "prefixMatch": "urn:epc:tag:sgtin-198",
          "requiredFormattingParameters": "filter,tagLength",
          "option": [
            {
              "optionKey": "12",
              "pattern": "^urn:epc:tag:sgtin-198:([0-7]{1})\\.([0-9]{12})\\.([0-9]{1})\\.((?:[A-Za-z0-9!'()*+,.:;=_-]|%22|%26|%2F|%3C|%3E|%3F|%25){1,20})$",
              "grammar": "'urn:epc:tag:sgtin-198:' filter '.' gs1companyprefix '.' itemref '.' urnEscapedSerial",
              "field": [
                {
                  "seq": 1,
                  "decimalMinimum": "0",
                  "decimalMaximum": "7",
                  "characterSet": "[0-7]*",
                  "length": 1,
                  "padChar": "0",
                  "padDir": "LEFT",
                  "name": "filter"
                },
                {
                  "seq": 2,
                  "decimalMinimum": "0",
                  "decimalMaximum": "999999999999",
                  "characterSet": "[0-9]*",
                  "length": 12,
                  "padChar": "0",
                  "padDir": "LEFT",
                  "name": "gs1companyprefix"
                },
                {
                  "seq": 3,
                  "decimalMinimum": "0",
                  "decimalMaximum": "9",
                  "characterSet": "[0-9]*",
                  "length": 1,
                  "padChar": "0",
                  "padDir": "LEFT",
                  "name": "itemref"
                },
                {
                  "seq": 4,
                  "characterSet": "(?:[A-Za-z0-9!'()*+,.:;=_-]|%22|%26|%2F|%3C|%3E|%3F|%25)*",
                  "name": "urnEscapedSerial"
                }
              ]
            },
            {
              "optionKey": "11",
              "pattern": "^urn:epc:tag:sgtin-198:([0-7]{1})\\.([0-9]{11})\\.([0-9]{2})\\.((?:[A-Za-z0-9!'()*+,.:;=_-]|%22|%26|%2F|%3C|%3E|%3F|%25){1,20})$",
              "grammar": "'urn:epc:tag:sgtin-198:' filter '.' gs1companyprefix '.' itemref '.' urnEscapedSerial",
              "field": [
                {
                  "seq": 1,
                  "decimalMinimum": "0",
                  "decimalMaximum": "7",
                  "characterSet": "[0-7]*",
                  "length": 1,
                  "padChar": "0",
                  "padDir": "LEFT",
                  "name": "filter"
                },
                {
                  "seq": 2,
                  "decimalMinimum": "0",
                  "decimalMaximum": "99999999999",
                  "characterSet": "[0-9]*",
                  "length": 11,
                  "padChar": "0",
                  "padDir": "LEFT",
                  "name": "gs1companyprefix"
                },
                {
                  "seq": 3,
                  "decimalMinimum": "0",
                  "decimalMaximum": "99",
                  "characterSet": "[0-9]*",
                  "length": 2,
                  "padChar": "0",
                  "padDir": "LEFT",
                  "name": "itemref"
                },
                {
                  "seq": 4,
                  "characterSet": "(?:[A-Za-z0-9!'()*+,.:;=_-]|%22|%26|%2F|%3C|%3E|%3F|%25)*",
                  "name": "urnEscapedSerial"
                }
              ]
            },
            {
              "optionKey": "10",
              "pattern": "^urn:epc:tag:sgtin-198:([0-7]{1})\\.([0-9]{10})\\.([0-9]{3})\\.((?:[A-Za-z0-9!'()*+,.:;=_-]|%22|%26|%2F|%3C|%3E|%3F|%25){1,20})$",
              "grammar": "'urn:epc:tag:sgtin-198:' filter '.' gs1companyprefix '.' itemref '.' urnEscapedSerial",
              "field": [
                {
                  "seq": 1,
                  "decimalMinimum": "0",
                  "decimalMaximum": "7",
                  "characterSet": "[0-7]*",
                  "length": 1,
                  "padChar": "0",
                  "padDir": "LEFT",
                  "name": "filter"
                },
                {
                  "seq": 2,
                  "decimalMinimum": "0",
                  "decimalMaximum": "9999999999",
                  "characterSet": "[0-9]*",
                  "length": 10,
                  "padChar": "0",
                  "padDir": "LEFT",
                  "name": "gs1companyprefix"
                },
                {
                  "seq": 3,
                  "decimalMinimum": "0",
                  "decimalMaximum": "999",
                  "characterSet": "[0-9]*",
                  "length": 3,
                  "padChar": "0",
                  "padDir": "LEFT",
                  "name": "itemref"
                },
                {
                  "seq": 4,
                  "characterSet": "(?:[A-Za-z0-9!'()*+,.:;=_-]|%22|%26|%2F|%3C|%3E|%3F|%25)*",
                  "name": "urnEscapedSerial"
                }
              ]
            },
            {
              "optionKey": "9",
              "pattern": "^urn:epc:tag:sgtin-198:([0-7]{1})\\.([0-9]{9})\\.([0-9]{4})\\.((?:[A-Za-z0-9!'()*+,.:;=_-]|%22|%26|%2F|%3C|%3E|%3F|%25){1,20})$",
              "grammar": "'urn:epc:tag:sgtin-198:' filter '.' gs1companyprefix '.' itemref '.' urnEscapedSerial",
              "field": [
                {
                  "seq": 1,
                  "decimalMinimum": "0",
                  "decimalMaximum": "7",
                  "characterSet": "[0-7]*",
                  "length": 1,
                  "padChar": "0",
                  "padDir": "LEFT",
                  "name": "filter"
                },
                {
                  "seq": 2,
                  "decimalMinimum": "0",
                  "decimalMaximum": "999999999",
                  "characterSet": "[0-9]*",
                  "length": 9,
                  "padChar": "0",
                  "padDir": "LEFT",
                  "name": "gs1companyprefix"
                },
                {
                  "seq": 3,
                  "decimalMinimum": "0",
                  "decimalMaximum": "9999",
                  "characterSet": "[0-9]*",
                  "length": 4,
                  "padChar": "0",
                  "padDir": "LEFT",
                  "name": "itemref"
                },
                {
                  "seq": 4,
                  "characterSet": "(?:[A-Za-z0-9!'()*+,.:;=_-]|%22|%26|%2F|%3C|%3E|%3F|%25)*",
                  "name": "urnEscapedSerial"
                }
              ]
            },
            {
              "optionKey": "8",
              "pattern": "^urn:epc:tag:sgtin-198:([0-7]{1})\\.([0-9]{8})\\.([0-9]{5})\\.((?:[A-Za-z0-9!'()*+,.:;=_-]|%22|%26|%2F|%3C|%3E|%3F|%25){1,20})$",
              "grammar": "'urn:epc:tag:sgtin-198:' filter '.' gs1companyprefix '.' itemref '.' urnEscapedSerial",
              "field": [
                {
                  "seq": 1,
                  "decimalMinimum": "0",
                  "decimalMaximum": "7",
                  "characterSet": "[0-7]*",
                  "length": 1,
                  "padChar": "0",
                  "padDir": "LEFT",
                  "name": "filter"
                },
                {
                  "seq": 2,
                  "decimalMinimum": "0",
                  "decimalMaximum": "99999999",
                  "characterSet": "[0-9]*",
                  "length": 8,
                  "padChar": "0",
                  "padDir": "LEFT",
                  "name": "gs1companyprefix"
                },
                {
                  "seq": 3,
                  "decimalMinimum": "0",
                  "decimalMaximum": "99999",
                  "characterSet": "[0-9]*",
                  "length": 5,
                  "padChar": "0",
                  "padDir": "LEFT",
                  "name": "itemref"
                },
                {
                  "seq": 4,
                  "characterSet": "(?:[A-Za-z0-9!'()*+,.:;=_-]|%22|%26|%2F|%3C|%3E|%3F|%25)*",
                  "name": "urnEscapedSerial"
                }
              ]
            },
            {
              "optionKey": "7",
              "pattern": "^urn:epc:tag:sgtin-198:([0-7]{1})\\.([0-9]{7})\\.([0-9]{6})\\.((?:[A-Za-z0-9!'()*+,.:;=_-]|%22|%26|%2F|%3C|%3E|%3F|%25){1,20})$",
              "grammar": "'urn:epc:tag:sgtin-198:' filter '.' gs1companyprefix '.' itemref '.' urnEscapedSerial",
              "field": [
                {
                  "seq": 1,
                  "decimalMinimum": "0",
                  "decimalMaximum": "7",
                  "characterSet": "[0-7]*",
                  "length": 1,
                  "padChar": "0",
                  "padDir": "LEFT",
                  "name": "filter"
                },
                {
                  "seq": 2,
                  "decimalMinimum": "0",
                  "decimalMaximum": "9999999",
                  "characterSet": "[0-9]*",
                  "length": 7,
                  "padChar": "0",
                  "padDir": "LEFT",
                  "name": "gs1companyprefix"
                },
                {
                  "seq": 3,
                  "decimalMinimum": "0",
                  "decimalMaximum": "999999",
                  "characterSet": "[0-9]*",
                  "length": 6,
                  "padChar": "0",
                  "padDir": "LEFT",
                  "name": "itemref"
                },
                {
                  "seq": 4,
                  "characterSet": "(?:[A-Za-z0-9!'()*+,.:;=_-]|%22|%26|%2F|%3C|%3E|%3F|%25)*",
                  "name": "urnEscapedSerial"
                }
              ]
            },
            {
              "optionKey": "6",
              "pattern": "^urn:epc:tag:sgtin-198:([0-7]{1})\\.([0-9]{6})\\.([0-9]{7})\\.((?:[A-Za-z0-9!'()*+,.:;=_-]|%22|%26|%2F|%3C|%3E|%3F|%25){1,20})$",
              "grammar": "'urn:epc:tag:sgtin-198:' filter '.' gs1companyprefix '.' itemref '.' urnEscapedSerial",
              "field": [
                {
                  "seq": 1,
                  "decimalMinimum": "0",
                  "decimalMaximum": "7",
                  "characterSet": "[0-7]*",
                  "length": 1,
                  "padChar": "0",
                  "padDir": "LEFT",
                  "name": "filter"
                },
                {
                  "seq": 2,
                  "decimalMinimum": "0",
                  "decimalMaximum": "999999",
                  "characterSet": "[0-9]*",
                  "length": 6,
                  "padChar": "0",
                  "padDir": "LEFT",
                  "name": "gs1companyprefix"
                },
                {
                  "seq": 3,
                  "decimalMinimum": "0",
                  "decimalMaximum": "9999999",
                  "characterSet": "[0-9]*",
                  "length": 7,
                  "padChar": "0",
                  "padDir": "LEFT",
                  "name": "itemref"
                },
                {
                  "seq": 4,
                  "characterSet": "(?:[A-Za-z0-9!'()*+,.:;=_-]|%22|%26|%2F|%3C|%3E|%3F|%25)*",
                  "name": "urnEscapedSerial"
                }
              ]
            }
          ],
          "rule": [
            {
              "type": "EXTRACT",
              "inputFormat": "STRING",
              "seq": 1,
              "newFieldName": "serial",
              "characterSet": "[!%-?A-Z_a-z\\x22]*",
              "function": "URNDECODE(urnEscapedSerial)"
            },
            {
              "type": "FORMAT",
              "inputFormat": "STRING",
              "seq": 1,
              "newFieldName": "urnEscapedSerial",
              "characterSet": "(?:[A-Za-z0-9!'()*+,.:;=_-]|%22|%26|%2F|%3C|%3E|%3F|%25)*",
              "function": "URNENCODE(serial)"
            }
          ]
        },
        {
          "type": "PURE_IDENTITY",
          "prefixMatch": "urn:epc:id:sgtin",
          "option": [
            {
              "optionKey": "12",
              "pattern": "^urn:epc:id:sgtin:([0-9]{12})\\.([0-9]{1})\\.((?:[A-Za-z0-9!'()*+,.:;=_-]|%22|%26|%2F|%3C|%3E|%3F|%25){1,20})$",
              "grammar": "'urn:epc:id:sgtin:' gs1companyprefix '.' itemref '.' urnEscapedSerial",
              "field": [
                {
                  "seq": 1,
                  "decimalMinimum": "0",
                  "decimalMaximum": "999999999999",
                  "characterSet": "[0-9]*",
                  "length": 12,
                  "padChar": "0",
                  "padDir": "LEFT",
                  "name": "gs1companyprefix"
                },
                {
                  "seq": 2,
                  "decimalMinimum": "0",
                  "decimalMaximum": "9",
                  "characterSet": "[0-9]*",
                  "length": 1,
                  "padChar": "0",
                  "padDir": "LEFT",
                  "name": "itemref"
                },
                {
                  "seq": 3,
                  "characterSet": "(?:[A-Za-z0-9!'()*+,.:;=_-]|%22|%26|%2F|%3C|%3E|%3F|%25)*",
                  "name": "urnEscapedSerial"
                }
              ]
            },
            {
              "optionKey": "11",
              "pattern": "^urn:epc:id:sgtin:([0-9]{11})\\.([0-9]{2})\\.((?:[A-Za-z0-9!'()*+,.:;=_-]|%22|%26|%2F|%3C|%3E|%3F|%25){1,20})$",
              "grammar": "'urn:epc:id:sgtin:' gs1companyprefix '.' itemref '.' urnEscapedSerial",
              "field": [
                {
                  "seq": 1,
                  "decimalMinimum": "0",
                  "decimalMaximum": "99999999999",
                  "characterSet": "[0-9]*",
                  "length": 11,
                  "padChar": "0",
                  "padDir": "LEFT",
                  "name": "gs1companyprefix"
                },
                {
                  "seq": 2,
                  "decimalMinimum": "0",
                  "decimalMaximum": "99",
                  "characterSet": "[0-9]*",
                  "length": 2,
                  "padChar": "0",
                  "padDir": "LEFT",
                  "name": "itemref"
                },
                {
                  "seq": 3,
                  "characterSet": "(?:[A-Za-z0-9!'()*+,.:;=_-]|%22|%26|%2F|%3C|%3E|%3F|%25)*",
                  "name": "urnEscapedSerial"
                }
              ]
            },
            {
              "optionKey": "10",
              "pattern": "^urn:epc:id:sgtin:([0-9]{10})\\.([0-9]{3})\\.((?:[A-Za-z0-9!'()*+,.:;=_-]|%22|%26|%2F|%3C|%3E|%3F|%25){1,20})$",
              "grammar": "'urn:epc:id:sgtin:' gs1companyprefix '.' itemref '.' urnEscapedSerial",
              "field": [
                {
                  "seq": 1,
                  "decimalMinimum": "0",
                  "decimalMaximum": "9999999999",
                  "characterSet": "[0-9]*",
                  "length": 10,
                  "padChar": "0",
                  "padDir": "LEFT",
                  "name": "gs1companyprefix"
                },
                {
                  "seq": 2,
                  "decimalMinimum": "0",
                  "decimalMaximum": "999",
                  "characterSet": "[0-9]*",
                  "length": 3,
                  "padChar": "0",
                  "padDir": "LEFT",
                  "name": "itemref"
                },
                {
                  "seq": 3,
                  "characterSet": "(?:[A-Za-z0-9!'()*+,.:;=_-]|%22|%26|%2F|%3C|%3E|%3F|%25)*",
                  "name": "urnEscapedSerial"
                }
              ]
            },
            {
              "optionKey": "9",
              "pattern": "^urn:epc:id:sgtin:([0-9]{9})\\.([0-9]{4})\\.((?:[A-Za-z0-9!'()*+,.:;=_-]|%22|%26|%2F|%3C|%3E|%3F|%25){1,20})$",
              "grammar": "'urn:epc:id:sgtin:' gs1companyprefix '.' itemref '.' urnEscapedSerial",
              "field": [
                {
                  "seq": 1,
                  "decimalMinimum": "0",
                  "decimalMaximum": "999999999",
                  "characterSet": "[0-9]*",
                  "length": 9,
                  "padChar": "0",
                  "padDir": "LEFT",
                  "name": "gs1companyprefix"
                },
                {
                  "seq": 2,
                  "decimalMinimum": "0",
                  "decimalMaximum": "9999",
                  "characterSet": "[0-9]*",
                  "length": 4,
                  "padChar": "0",
                  "padDir": "LEFT",
                  "name": "itemref"
                },
                {
                  "seq": 3,
                  "characterSet": "(?:[A-Za-z0-9!'()*+,.:;=_-]|%22|%26|%2F|%3C|%3E|%3F|%25)*",
                  "name": "urnEscapedSerial"
                }
              ]
            },
            {
              "optionKey": "8",
              "pattern": "^urn:epc:id:sgtin:([0-9]{8})\\.([0-9]{5})\\.((?:[A-Za-z0-9!'()*+,.:;=_-]|%22|%26|%2F|%3C|%3E|%3F|%25){1,20})$",
              "grammar": "'urn:epc:id:sgtin:' gs1companyprefix '.' itemref '.' urnEscapedSerial",
              "field": [
                {
                  "seq": 1,
                  "decimalMinimum": "0",
                  "decimalMaximum": "99999999",
                  "characterSet": "[0-9]*",
                  "length": 8,
                  "padChar": "0",
                  "padDir": "LEFT",
                  "name": "gs1companyprefix"
                },
                {
                  "seq": 2,
                  "decimalMinimum": "0",
                  "decimalMaximum": "99999",
                  "characterSet": "[0-9]*",
                  "length": 5,
                  "padChar": "0",
                  "padDir": "LEFT",
                  "name": "itemref"
                },
                {
                  "seq": 3,
                  "characterSet": "(?:[A-Za-z0-9!'()*+,.:;=_-]|%22|%26|%2F|%3C|%3E|%3F|%25)*",
                  "name": "urnEscapedSerial"
                }
              ]
            },
            {
              "optionKey": "7",
              "pattern": "^urn:epc:id:sgtin:([0-9]{7})\\.([0-9]{6})\\.((?:[A-Za-z0-9!'()*+,.:;=_-]|%22|%26|%2F|%3C|%3E|%3F|%25){1,20})$",
              "grammar": "'urn:epc:id:sgtin:' gs1companyprefix '.' itemref '.' urnEscapedSerial",
              "field": [
                {
                  "seq": 1,
                  "decimalMinimum": "0",
                  "decimalMaximum": "9999999",
                  "characterSet": "[0-9]*",
                  "length": 7,
                  "padChar": "0",
                  "padDir": "LEFT",
                  "name": "gs1companyprefix"
                },
                {
                  "seq": 2,
                  "decimalMinimum": "0",
                  "decimalMaximum": "999999",
                  "characterSet": "[0-9]*",
                  "length": 6,
                  "padChar": "0",
                  "padDir": "LEFT",
                  "name": "itemref"
                },
                {
                  "seq": 3,
                  "characterSet": "(?:[A-Za-z0-9!'()*+,.:;=_-]|%22|%26|%2F|%3C|%3E|%3F|%25)*",
                  "name": "urnEscapedSerial"
                }
              ]
            },
            {
              "optionKey": "6",
              "pattern": "^urn:epc:id:sgtin:([0-9]{6})\\.([0-9]{7})\\.((?:[A-Za-z0-9!'()*+,.:;=_-]|%22|%26|%2F|%3C|%3E|%3F|%25){1,20})$",
              "grammar": "'urn:epc:id:sgtin:' gs1companyprefix '.' itemref '.' urnEscapedSerial",
              "field": [
                {
                  "seq": 1,
                  "decimalMinimum": "0",
                  "decimalMaximum": "999999",
                  "characterSet": "[0-9]*",
                  "length": 6,
                  "padChar": "0",
                  "padDir": "LEFT",
                  "name": "gs1companyprefix"
                },
                {
                  "seq": 2,
                  "decimalMinimum": "0",
                  "decimalMaximum": "9999999",
                  "characterSet": "[0-9]*",
                  "length": 7,
                  "padChar": "0",
                  "padDir": "LEFT",
                  "name": "itemref"
                },
                {
                  "seq": 3,
                  "characterSet": "(?:[A-Za-z0-9!'()*+,.:;=_-]|%22|%26|%2F|%3C|%3E|%3F|%25)*",
                  "name": "urnEscapedSerial"
                }
              ]
            }
          ],
          "rule": [
            {
              "type": "EXTRACT",
              "inputFormat": "STRING",
              "seq": 1,
              "newFieldName": "serial",
              "characterSet": "[!%-?A-Z_a-z\\x22]*",
              "function": "URNDECODE(urnEscapedSerial)"
            },
            {
              "type": "FORMAT",
              "inputFormat": "STRING",
              "seq": 1,
              "newFieldName": "urnEscapedSerial",
              "characterSet": "(?:[A-Za-z0-9!'()*+,.:;=_-]|%22|%26|%2F|%3C|%3E|%3F|%25)*",
              "function": "URNENCODE(serial)"
            }
          ]
        },
        {
          "type": "BARE_IDENTIFIER",
          "prefixMatch": "gtin=",
          "requiredParsingParameters": "gs1companyprefixlength",
          "option": [
            {
              "optionKey": "12",
              "pattern": "^gtin=([0-9]{14});serial=([!%-?A-Z_a-z\\x22]{1,20})$",
              "grammar": "'gtin=' indicatordigit gs1companyprefix itemrefremainder checkdigit ';serial=' serial",
              "field": [
                {
                  "seq": 1,
                  "decimalMinimum": "0",
                  "decimalMaximum": "99999999999999",
                  "characterSet": "[0-9]*",
                  "length": 14,
                  "padChar": "0",
                  "padDir": "LEFT",
                  "name": "gtin",
                  "gcpOffset": 1
                },
                {
                  "seq": 2,
                  "characterSet": "[!%-?A-Z_a-z\\x22]*",
                  "name": "serial"
                }
              ]
            },
            {
              "optionKey": "11",
              "pattern": "^gtin=([0-9]{14});serial=([!%-?A-Z_a-z\\x22]{1,20})$",
              "grammar": "'gtin=' indicatordigit gs1companyprefix itemrefremainder checkdigit ';serial=' serial",
              "field": [
                {
                  "seq": 1,
                  "decimalMinimum": "0",
                  "decimalMaximum": "99999999999999",
                  "characterSet": "[0-9]*",
                  "length": 14,
                  "padChar": "0",
                  "padDir": "LEFT",
                  "name": "gtin",
                  "gcpOffset": 1
                },
                {
                  "seq": 2,
                  "characterSet": "[!%-?A-Z_a-z\\x22]*",
                  "name": "serial"
                }
              ]
            },
            {
              "optionKey": "10",
              "pattern": "^gtin=([0-9]{14});serial=([!%-?A-Z_a-z\\x22]{1,20})$",
              "grammar": "'gtin=' indicatordigit gs1companyprefix itemrefremainder checkdigit ';serial=' serial",
              "field": [
                {
                  "seq": 1,
                  "decimalMinimum": "0",
                  "decimalMaximum": "99999999999999",
                  "characterSet": "[0-9]*",
                  "length": 14,
                  "padChar": "0",
                  "padDir": "LEFT",
                  "name": "gtin",
                  "gcpOffset": 1
                },
                {
                  "seq": 2,
                  "characterSet": "[!%-?A-Z_a-z\\x22]*",
                  "name": "serial"
                }
              ]
            },
            {
              "optionKey": "9",
              "pattern": "^gtin=([0-9]{14});serial=([!%-?A-Z_a-z\\x22]{1,20})$",
              "grammar": "'gtin=' indicatordigit gs1companyprefix itemrefremainder checkdigit ';serial=' serial",
              "field": [
                {
                  "seq": 1,
                  "decimalMinimum": "0",
                  "decimalMaximum": "99999999999999",
                  "characterSet": "[0-9]*",
                  "length": 14,
                  "padChar": "0",
                  "padDir": "LEFT",
                  "name": "gtin",
                  "gcpOffset": 1
                },
                {
                  "seq": 2,
                  "characterSet": "[!%-?A-Z_a-z\\x22]*",
                  "name": "serial"
                }
              ]
            },
            {
              "optionKey": "8",
              "pattern": "^gtin=([0-9]{14});serial=([!%-?A-Z_a-z\\x22]{1,20})$",
              "grammar": "'gtin=' indicatordigit gs1companyprefix itemrefremainder checkdigit ';serial=' serial",
              "field": [
                {
                  "seq": 1,
                  "decimalMinimum": "0",
                  "decimalMaximum": "99999999999999",
                  "characterSet": "[0-9]*",
                  "length": 14,
                  "padChar": "0",
                  "padDir": "LEFT",
                  "name": "gtin",
                  "gcpOffset": 1
                },
                {
                  "seq": 2,
                  "characterSet": "[!%-?A-Z_a-z\\x22]*",
                  "name": "serial"
                }
              ]
            },
            {
              "optionKey": "7",
              "pattern": "^gtin=([0-9]{14});serial=([!%-?A-Z_a-z\\x22]{1,20})$",
              "grammar": "'gtin=' indicatordigit gs1companyprefix itemrefremainder checkdigit ';serial=' serial",
              "field": [
                {
                  "seq": 1,
                  "decimalMinimum": "0",
                  "decimalMaximum": "99999999999999",
                  "characterSet": "[0-9]*",
                  "length": 14,
                  "padChar": "0",
                  "padDir": "LEFT",
                  "name": "gtin",
                  "gcpOffset": 1
                },
                {
                  "seq": 2,
                  "characterSet": "[!%-?A-Z_a-z\\x22]*",
                  "name": "serial"
                }
              ]
            },
            {
              "optionKey": "6",
              "pattern": "^gtin=([0-9]{14});serial=([!%-?A-Z_a-z\\x22]{1,20})$",
              "grammar": "'gtin=' indicatordigit gs1companyprefix itemrefremainder checkdigit ';serial=' serial",
              "field": [
                {
                  "seq": 1,
                  "decimalMinimum": "0",
                  "decimalMaximum": "99999999999999",
                  "characterSet": "[0-9]*",
                  "length": 14,
                  "padChar": "0",
                  "padDir": "LEFT",
                  "name": "gtin",
                  "gcpOffset": 1
                },
                {
                  "seq": 2,
                  "characterSet": "[!%-?A-Z_a-z\\x22]*",
                  "name": "serial"
                }
              ]
            }
          ],
          "rule": [
            {
              "type": "EXTRACT",
              "inputFormat": "STRING",
              "seq": 1,
              "newFieldName": "gtinprefixremainder",
              "characterSet": "[0-9]*",
              "length": 12,
              "function": "SUBSTR(gtin,1,12)"
            },
            {
              "type": "EXTRACT",
              "inputFormat": "STRING",
              "seq": 2,
              "newFieldName": "indicatordigit",
              "characterSet": "[0-9]*",
              "length": 1,
              "function": "SUBSTR(gtin,0,1)"
            },
            {
              "type": "EXTRACT",
              "inputFormat": "STRING",
              "seq": 3,
              "newFieldName": "itemrefremainder",
              "characterSet": "[0-9]*",
              "function": "SUBSTR(gtinprefixremainder,gs1companyprefixlength)"
            },
            {
              "type": "EXTRACT",
              "inputFormat": "STRING",
              "seq": 4,
              "newFieldName": "itemref",
              "characterSet": "[0-9]*",
              "function": "CONCAT(indicatordigit,itemrefremainder)"
            },
            {
              "type": "EXTRACT",
              "inputFormat": "STRING",
              "seq": 5,
              "newFieldName": "gs1companyprefix",
              "characterSet": "[0-9]*",
              "function": "SUBSTR(gtinprefixremainder,0,gs1companyprefixlength)"
            },
            {
              "type": "FORMAT",
              "inputFormat": "STRING",
              "seq": 1,
              "newFieldName": "indicatordigit",
              "characterSet": "[0-9]*",
              "length": 1,
              "function": "SUBSTR(itemref,0,1)"
            },
            {
              "type": "FORMAT",
              "inputFormat": "STRING",
              "seq": 2,
              "newFieldName": "itemrefremainder",
              "characterSet": "[0-9]*",
              "function": "SUBSTR(itemref,1)"
            },
            {
              "type": "FORMAT",
              "inputFormat": "STRING",
              "seq": 3,
              "newFieldName": "gtinprefix",
              "characterSet": "[0-9]*",
              "length": 13,
              "function": "CONCAT(indicatordigit,gs1companyprefix,itemrefremainder)"
            },
            {
              "type": "FORMAT",
              "inputFormat": "STRING",
              "seq": 4,
              "newFieldName": "checkdigit",
              "characterSet": "[0-9]*",
              "length": 1,
              "function": "GS1CHECKSUM(gtinprefix)"
            }
          ]
        },
        {
          "type": "GS1_AI_JSON",
          "prefixMatch": "{",
          "requiredParsingParameters": "gs1companyprefixlength",
          "option": [
            {
              "optionKey": "12",
              "pattern": "^\\{\\s*\"01\"\\s*:\\s*\"([0-9]{14})\"\\s*,\\s*\"21\"\\s*:\\s*\"((?:[!%-?A-Z_a-z]|\\\\\"){1,20})\"",
              "grammar": "'{\"01\":\"' indicatordigit gs1companyprefix itemrefremainder checkdigit '\",\"21\":\"' serial '\"}'",
              "aiSequence": [
                "01",
                "21"
              ],
              "field": [
                {
                  "seq": 1,
                  "decimalMinimum": "0",
                  "decimalMaximum": "99999999999999",
                  "characterSet": "[0-9]*",
                  "length": 14,
                  "padChar": "0",
                  "padDir": "LEFT",
                  "name": "gtin",
                  "gcpOffset": 1
                },
                {
                  "seq": 2,
                  "characterSet": "[!%-?A-Z_a-z\\x22]*",
                  "name": "serial"
                }
              ]
            },
            {
              "optionKey": "11",
              "pattern": "^\\{\\s*\"01\"\\s*:\\s*\"([0-9]{14})\"\\s*,\\s*\"21\"\\s*:\\s*\"((?:[!%-?A-Z_a-z]|\\\\\"){1,20})\"",
              "grammar": "'{\"01\":\"' indicatordigit gs1companyprefix itemrefremainder checkdigit '\",\"21\":\"' serial '\"}'",
              "aiSequence": [
                "01",
                "21"
              ],
              "field": [
                {
                  "seq": 1,
                  "decimalMinimum": "0",
                  "decimalMaximum": "99999999999999",
                  "characterSet": "[0-9]*",
                  "length": 14,
                  "padChar": "0",
                  "padDir": "LEFT",
                  "name": "gtin",
                  "gcpOffset": 1
                },
                {
                  "seq": 2,
                  "characterSet": "[!%-?A-Z_a-z\\x22]*",
                  "name": "serial"
                }
              ]
            },
            {
              "optionKey": "10",
              "pattern": "^\\{\\s*\"01\"\\s*:\\s*\"([0-9]{14})\"\\s*,\\s*\"21\"\\s*:\\s*\"((?:[!%-?A-Z_a-z]|\\\\\"){1,20})\"",
              "grammar": "'{\"01\":\"' indicatordigit gs1companyprefix itemrefremainder checkdigit '\",\"21\":\"' serial '\"}'",
              "aiSequence": [
                "01",
                "21"
              ],
              "field": [
                {
                  "seq": 1,
                  "decimalMinimum": "0",
                  "decimalMaximum": "99999999999999",
                  "characterSet": "[0-9]*",
                  "length": 14,
                  "padChar": "0",
                  "padDir": "LEFT",
                  "name": "gtin",
                  "gcpOffset": 1
                },
                {
                  "seq": 2,
                  "characterSet": "[!%-?A-Z_a-z\\x22]*",
                  "name": "serial"
                }
              ]
            },
            {
              "optionKey": "9",
              "pattern": "^\\{\\s*\"01\"\\s*:\\s*\"([0-9]{14})\"\\s*,\\s*\"21\"\\s*:\\s*\"((?:[!%-?A-Z_a-z]|\\\\\"){1,20})\"",
              "grammar": "'{\"01\":\"' indicatordigit gs1companyprefix itemrefremainder checkdigit '\",\"21\":\"' serial '\"}'",
              "aiSequence": [
                "01",
                "21"
              ],
              "field": [
                {
                  "seq": 1,
                  "decimalMinimum": "0",
                  "decimalMaximum": "99999999999999",
                  "characterSet": "[0-9]*",
                  "length": 14,
                  "padChar": "0",
                  "padDir": "LEFT",
                  "name": "gtin",
                  "gcpOffset": 1
                },
                {
                  "seq": 2,
                  "characterSet": "[!%-?A-Z_a-z\\x22]*",
                  "name": "serial"
                }
              ]
            },
            {
              "optionKey": "8",
              "pattern": "^\\{\\s*\"01\"\\s*:\\s*\"([0-9]{14})\"\\s*,\\s*\"21\"\\s*:\\s*\"((?:[!%-?A-Z_a-z]|\\\\\"){1,20})\"",
              "grammar": "'{\"01\":\"' indicatordigit gs1companyprefix itemrefremainder checkdigit '\",\"21\":\"' serial '\"}'",
              "aiSequence": [
                "01",
                "21"
              ],
              "field": [
                {
                  "seq": 1,
                  "decimalMinimum": "0",
                  "decimalMaximum": "99999999999999",
                  "characterSet": "[0-9]*",
                  "length": 14,
                  "padChar": "0",
                  "padDir": "LEFT",
                  "name": "gtin",
                  "gcpOffset": 1
                },
                {
                  "seq": 2,
                  "characterSet": "[!%-?A-Z_a-z\\x22]*",
                  "name": "serial"
                }
              ]
            },
            {
              "optionKey": "7",
              "pattern": "^\\{\\s*\"01\"\\s*:\\s*\"([0-9]{14})\"\\s*,\\s*\"21\"\\s*:\\s*\"((?:[!%-?A-Z_a-z]|\\\\\"){1,20})\"",
              "grammar": "'{\"01\":\"' indicatordigit gs1companyprefix itemrefremainder checkdigit '\",\"21\":\"' serial '\"}'",
              "aiSequence": [
                "01",
                "21"
              ],
              "field": [
                {
                  "seq": 1,
                  "decimalMinimum": "0",
                  "decimalMaximum": "99999999999999",
                  "characterSet": "[0-9]*",
                  "length": 14,
                  "padChar": "0",
                  "padDir": "LEFT",
                  "name": "gtin",
                  "gcpOffset": 1
                },
                {
                  "seq": 2,
                  "characterSet": "[!%-?A-Z_a-z\\x22]*",
                  "name": "serial"
                }
              ]
            },
            {
              "optionKey": "6",
              "pattern": "^\\{\\s*\"01\"\\s*:\\s*\"([0-9]{14})\"\\s*,\\s*\"21\"\\s*:\\s*\"((?:[!%-?A-Z_a-z]|\\\\\"){1,20})\"",
              "grammar": "'{\"01\":\"' indicatordigit gs1companyprefix itemrefremainder checkdigit '\",\"21\":\"' serial '\"}'",
              "aiSequence": [
                "01",
                "21"
              ],
              "field": [
                {
                  "seq": 1,
                  "decimalMinimum": "0",
                  "decimalMaximum": "99999999999999",
                  "characterSet": "[0-9]*",
                  "length": 14,
                  "padChar": "0",
                  "padDir": "LEFT",
                  "name": "gtin",
                  "gcpOffset": 1
                },
                {
                  "seq": 2,
                  "characterSet": "[!%-?A-Z_a-z\\x22]*",
                  "name": "serial"
                }
              ]
            }
          ],
          "rule": [
            {
              "type": "EXTRACT",
              "inputFormat": "STRING",
              "seq": 1,
              "newFieldName": "gtinprefixremainder",
              "characterSet": "[0-9]*",
              "length": 12,
              "function": "SUBSTR(gtin,1,12)"
            },
            {
              "type": "EXTRACT",
              "inputFormat": "STRING",
              "seq": 2,
              "newFieldName": "indicatordigit",
              "characterSet": "[0-9]*",
              "length": 1,
              "function": "SUBSTR(gtin,0,1)"
            },
            {
              "type": "EXTRACT",
              "inputFormat": "STRING",
              "seq": 3,
              "newFieldName": "itemrefremainder",
              "characterSet": "[0-9]*",
              "function": "SUBSTR(gtinprefixremainder,gs1companyprefixlength)"
            },
            {
              "type": "EXTRACT",
              "inputFormat": "STRING",
              "seq": 4,
              "newFieldName": "itemref",
              "characterSet": "[0-9]*",
              "function": "CONCAT(indicatordigit,itemrefremainder)"
            },
            {
              "type": "EXTRACT",
              "inputFormat": "STRING",
              "seq": 5,
              "newFieldName": "gs1companyprefix",
              "characterSet": "[0-9]*",
              "function": "SUBSTR(gtinprefixremainder,0,gs1companyprefixlength)"
            },
            {
              "type": "FORMAT",
              "inputFormat": "STRING",
              "seq": 1,
              "newFieldName": "indicatordigit",
              "characterSet": "[0-9]*",
              "length": 1,
              "function": "SUBSTR(itemref,0,1)"
            },
            {
              "type": "FORMAT",
              "inputFormat": "STRING",
              "seq": 2,
              "newFieldName": "itemrefremainder",
              "characterSet": "[0-9]*",
              "function": "SUBSTR(itemref,1)"
            },
            {
              "type": "FORMAT",
              "inputFormat": "STRING",
              "seq": 3,
              "newFieldName": "gtinprefix",
              "characterSet": "[0-9]*",
              "length": 13,
              "function": "CONCAT(indicatordigit,gs1companyprefix,itemrefremainder)"
            },
            {
              "type": "FORMAT",
              "inputFormat": "STRING",
              "seq": 4,
              "newFieldName": "checkdigit",
              "characterSet": "[0-9]*",
              "length": 1,
              "function": "GS1CHECKSUM(gtinprefix)"
            }
          ]
        },
        {
          "type": "GS1_DIGITAL_LINK",
          "prefixMatch": "http",
          "requiredFormattingParameters": "uriStem",
          "requiredParsingParameters": "gs1companyprefixlength",
          "gs1DigitalLinkKeyQualifiers": [
            "22",
            "10",
            "21"
          ],
          "option": [
            {
              "optionKey": "12",
              "pattern": "\\/01\\/([0-9]{14})\\/21\\/((?:[A-Za-z0-9\"._-]|%21|%26|%27|%28|%29|%2A|%2B|%2C|%2F|%3A|%3B|%3C|%3D|%3E|%3F|%25){1,20})(?:\\?|$)",
              "grammar": "uriStem '/01/' indicatordigit gs1companyprefix itemrefremainder checkdigit '/21/' urlEscapedSerial",
              "field": [
                {
                  "seq": 1,
                  "decimalMinimum": "0",
                  "decimalMaximum": "99999999999999",
                  "characterSet": "[0-9]*",
                  "length": 14,
                  "padChar": "0",
                  "padDir": "LEFT",
                  "name": "gtin",
                  "gcpOffset": 1
                },
                {
                  "seq": 2,
                  "characterSet": "(?:[A-Za-z0-9\"._-]|%21|%26|%27|%28|%29|%2A|%2B|%2C|%2F|%3A|%3B|%3C|%3D|%3E|%3F|%25)*",
                  "name": "urlEscapedSerial"
                }
              ],
              "aiSequence": [
                "01",
                "21"
              ]
            },
            {
              "optionKey": "11",
              "pattern": "\\/01\\/([0-9]{14})\\/21\\/((?:[A-Za-z0-9\"._-]|%21|%26|%27|%28|%29|%2A|%2B|%2C|%2F|%3A|%3B|%3C|%3D|%3E|%3F|%25){1,20})(?:\\?|$)",
              "grammar": "uriStem '/01/' indicatordigit gs1companyprefix itemrefremainder checkdigit '/21/' urlEscapedSerial",
              "field": [
                {
                  "seq": 1,
                  "decimalMinimum": "0",
                  "decimalMaximum": "99999999999999",
                  "characterSet": "[0-9]*",
                  "length": 14,
                  "padChar": "0",
                  "padDir": "LEFT",
                  "name": "gtin",
                  "gcpOffset": 1
                },
                {
                  "seq": 2,
                  "characterSet": "(?:[A-Za-z0-9\"._-]|%21|%26|%27|%28|%29|%2A|%2B|%2C|%2F|%3A|%3B|%3C|%3D|%3E|%3F|%25)*",
                  "name": "urlEscapedSerial"
                }
              ],
              "aiSequence": [
                "01",
                "21"
              ]
            },
            {
              "optionKey": "10",
              "pattern": "\\/01\\/([0-9]{14})\\/21\\/((?:[A-Za-z0-9\"._-]|%21|%26|%27|%28|%29|%2A|%2B|%2C|%2F|%3A|%3B|%3C|%3D|%3E|%3F|%25){1,20})(?:\\?|$)",
              "grammar": "uriStem '/01/' indicatordigit gs1companyprefix itemrefremainder checkdigit '/21/' urlEscapedSerial",
              "field": [
                {
                  "seq": 1,
                  "decimalMinimum": "0",
                  "decimalMaximum": "99999999999999",
                  "characterSet": "[0-9]*",
                  "length": 14,
                  "padChar": "0",
                  "padDir": "LEFT",
                  "name": "gtin",
                  "gcpOffset": 1
                },
                {
                  "seq": 2,
                  "characterSet": "(?:[A-Za-z0-9\"._-]|%21|%26|%27|%28|%29|%2A|%2B|%2C|%2F|%3A|%3B|%3C|%3D|%3E|%3F|%25)*",
                  "name": "urlEscapedSerial"
                }
              ],
              "aiSequence": [
                "01",
                "21"
              ]
            },
            {
              "optionKey": "9",
              "pattern": "\\/01\\/([0-9]{14})\\/21\\/((?:[A-Za-z0-9\"._-]|%21|%26|%27|%28|%29|%2A|%2B|%2C|%2F|%3A|%3B|%3C|%3D|%3E|%3F|%25){1,20})(?:\\?|$)",
              "grammar": "uriStem '/01/' indicatordigit gs1companyprefix itemrefremainder checkdigit '/21/' urlEscapedSerial",
              "field": [
                {
                  "seq": 1,
                  "decimalMinimum": "0",
                  "decimalMaximum": "99999999999999",
                  "characterSet": "[0-9]*",
                  "length": 14,
                  "padChar": "0",
                  "padDir": "LEFT",
                  "name": "gtin",
                  "gcpOffset": 1
                },
                {
                  "seq": 2,
                  "characterSet": "(?:[A-Za-z0-9\"._-]|%21|%26|%27|%28|%29|%2A|%2B|%2C|%2F|%3A|%3B|%3C|%3D|%3E|%3F|%25)*",
                  "name": "urlEscapedSerial"
                }
              ],
              "aiSequence": [
                "01",
                "21"
              ]
            },
            {
              "optionKey": "8",
              "pattern": "\\/01\\/([0-9]{14})\\/21\\/((?:[A-Za-z0-9\"._-]|%21|%26|%27|%28|%29|%2A|%2B|%2C|%2F|%3A|%3B|%3C|%3D|%3E|%3F|%25){1,20})(?:\\?|$)",
              "grammar": "uriStem '/01/' indicatordigit gs1companyprefix itemrefremainder checkdigit '/21/' urlEscapedSerial",
              "field": [
                {
                  "seq": 1,
                  "decimalMinimum": "0",
                  "decimalMaximum": "99999999999999",
                  "characterSet": "[0-9]*",
                  "length": 14,
                  "padChar": "0",
                  "padDir": "LEFT",
                  "name": "gtin",
                  "gcpOffset": 1
                },
                {
                  "seq": 2,
                  "characterSet": "(?:[A-Za-z0-9\"._-]|%21|%26|%27|%28|%29|%2A|%2B|%2C|%2F|%3A|%3B|%3C|%3D|%3E|%3F|%25)*",
                  "name": "urlEscapedSerial"
                }
              ],
              "aiSequence": [
                "01",
                "21"
              ]
            },
            {
              "optionKey": "7",
              "pattern": "\\/01\\/([0-9]{14})\\/21\\/((?:[A-Za-z0-9\"._-]|%21|%26|%27|%28|%29|%2A|%2B|%2C|%2F|%3A|%3B|%3C|%3D|%3E|%3F|%25){1,20})(?:\\?|$)",
              "grammar": "uriStem '/01/' indicatordigit gs1companyprefix itemrefremainder checkdigit '/21/' urlEscapedSerial",
              "field": [
                {
                  "seq": 1,
                  "decimalMinimum": "0",
                  "decimalMaximum": "99999999999999",
                  "characterSet": "[0-9]*",
                  "length": 14,
                  "padChar": "0",
                  "padDir": "LEFT",
                  "name": "gtin",
                  "gcpOffset": 1
                },
                {
                  "seq": 2,
                  "characterSet": "(?:[A-Za-z0-9\"._-]|%21|%26|%27|%28|%29|%2A|%2B|%2C|%2F|%3A|%3B|%3C|%3D|%3E|%3F|%25)*",
                  "name": "urlEscapedSerial"
                }
              ],
              "aiSequence": [
                "01",
                "21"
              ]
            },
            {
              "optionKey": "6",
              "pattern": "\\/01\\/([0-9]{14})\\/21\\/((?:[A-Za-z0-9\"._-]|%21|%26|%27|%28|%29|%2A|%2B|%2C|%2F|%3A|%3B|%3C|%3D|%3E|%3F|%25){1,20})(?:\\?|$)",
              "grammar": "uriStem '/01/' indicatordigit gs1companyprefix itemrefremainder checkdigit '/21/' urlEscapedSerial",
              "field": [
                {
                  "seq": 1,
                  "decimalMinimum": "0",
                  "decimalMaximum": "99999999999999",
                  "characterSet": "[0-9]*",
                  "length": 14,
                  "padChar": "0",
                  "padDir": "LEFT",
                  "name": "gtin",
                  "gcpOffset": 1
                },
                {
                  "seq": 2,
                  "characterSet": "(?:[A-Za-z0-9\"._-]|%21|%26|%27|%28|%29|%2A|%2B|%2C|%2F|%3A|%3B|%3C|%3D|%3E|%3F|%25)*",
                  "name": "urlEscapedSerial"
                }
              ],
              "aiSequence": [
                "01",
                "21"
              ]
            }
          ],
          "rule": [
            {
              "type": "EXTRACT",
              "inputFormat": "STRING",
              "seq": 1,
              "newFieldName": "gtinprefixremainder",
              "characterSet": "[0-9]*",
              "length": 12,
              "function": "SUBSTR(gtin,1,12)"
            },
            {
              "type": "EXTRACT",
              "inputFormat": "STRING",
              "seq": 2,
              "newFieldName": "indicatordigit",
              "characterSet": "[0-9]*",
              "length": 1,
              "function": "SUBSTR(gtin,0,1)"
            },
            {
              "type": "EXTRACT",
              "inputFormat": "STRING",
              "seq": 3,
              "newFieldName": "itemrefremainder",
              "characterSet": "[0-9]*",
              "function": "SUBSTR(gtinprefixremainder,gs1companyprefixlength)"
            },
            {
              "type": "EXTRACT",
              "inputFormat": "STRING",
              "seq": 4,
              "newFieldName": "itemref",
              "characterSet": "[0-9]*",
              "function": "CONCAT(indicatordigit,itemrefremainder)"
            },
            {
              "type": "EXTRACT",
              "inputFormat": "STRING",
              "seq": 5,
              "newFieldName": "gs1companyprefix",
              "characterSet": "[0-9]*",
              "function": "SUBSTR(gtinprefixremainder,0,gs1companyprefixlength)"
            },
            {
              "type": "EXTRACT",
              "inputFormat": "STRING",
              "seq": 6,
              "newFieldName": "serial",
              "characterSet": "[!%-?A-Z_a-z\\x22]*",
              "function": "URLDECODE(urlEscapedSerial)"
            },
            {
              "type": "FORMAT",
              "inputFormat": "STRING",
              "seq": 1,
              "newFieldName": "indicatordigit",
              "characterSet": "[0-9]*",
              "length": 1,
              "function": "SUBSTR(itemref,0,1)"
            },
            {
              "type": "FORMAT",
              "inputFormat": "STRING",
              "seq": 2,
              "newFieldName": "itemrefremainder",
              "characterSet": "[0-9]*",
              "function": "SUBSTR(itemref,1)"
            },
            {
              "type": "FORMAT",
              "inputFormat": "STRING",
              "seq": 3,
              "newFieldName": "gtinprefix",
              "characterSet": "[0-9]*",
              "length": 13,
              "function": "CONCAT(indicatordigit,gs1companyprefix,itemrefremainder)"
            },
            {
              "type": "FORMAT",
              "inputFormat": "STRING",
              "seq": 4,
              "newFieldName": "checkdigit",
              "characterSet": "[0-9]*",
              "length": 1,
              "function": "GS1CHECKSUM(gtinprefix)"
            },
            {
              "type": "FORMAT",
              "inputFormat": "STRING",
              "seq": 5,
              "newFieldName": "urlEscapedSerial",
              "characterSet": "(?:[A-Za-z0-9\"._-]|%21|%26|%27|%28|%29|%2A|%2B|%2C|%2F|%3A|%3B|%3C|%3D|%3E|%3F|%25)*",
              "function": "URLENCODE(serial)"
            }
          ]
        }
      ]
    }
  }
}