<?xml version="1.0" encoding="UTF-8"?>
<tdt:epcTagDataTranslation version="2.2" date="2024-11-18T16:30:00Z" epcTDSVersion="2.2" xmlns:tdt="urn:epcglobal:tdt:xsd:2" xmlns:xsi="http://www.w3.org/2001/XMLSchema-instance" xsi:schemaLocation="urn:epcglobal:tdt:xsd:2 EpcTagDataTranslation.xsd">
	<scheme name="SGLN-96" optionKey="gs1companyprefixlength" tagLength="96">
		<level type="BINARY" prefixMatch="00110010" requiredFormattingParameters="filter,tagLength">
			<option optionKey="12" pattern="^00110010([01]{3})000([01]{40})([01]{1})([01]{41})" grammar="'00110010' filter '000' gs1companyprefix locationref serial">
				<field seq="1" name="filter" decimalMinimum="0" decimalMaximum="7" characterSet="[01]*" length="1" bitPadDir="LEFT" bitLength="3"/>
				<field seq="2" name="gs1companyprefix" decimalMinimum="0" decimalMaximum="999999999999" characterSet="[01]*" length="12" bitPadDir="LEFT" bitLength="40"/>
				<field seq="3" name="locationref" decimalMinimum="0" decimalMaximum="0" characterSet="[01]*" length="0" bitPadDir="LEFT" bitLength="1"/>
				<field seq="4" name="serial" decimalMinimum="0" decimalMaximum="2199023255551" characterSet="[01]*" bitPadDir="LEFT" bitLength="41"/>
			</option>
			<option optionKey="11" pattern="^00110010([01]{3})001([01]{37})([01]{4})([01]{41})" grammar="'00110010' filter '001' gs1companyprefix locationref serial">
				<field seq="1" name="filter" decimalMinimum="0" decimalMaximum="7" characterSet="[01]*" length="1" bitPadDir="LEFT" bitLength="3"/>
				<field seq="2" name="gs1companyprefix" decimalMinimum="0" decimalMaximum="99999999999" characterSet="[01]*" length="11" bitPadDir="LEFT" bitLength="37"/>
				<field seq="3" name="locationref" decimalMinimum="0" decimalMaximum="9" characterSet="[01]*" length="1" bitPadDir="LEFT" bitLength="4"/>
				<field seq="4" name="serial" decimalMinimum="0" decimalMaximum="2199023255551" characterSet="[01]*" bitPadDir="LEFT" bitLength="41"/>
			</option>
			<option optionKey="10" pattern="^00110010([01]{3})010([01]{34})([01]{7})([01]{41})" grammar="'00110010' filter '010' gs1companyprefix locationref serial">
				<field seq="1" name="filter" decimalMinimum="0" decimalMaximum="7" characterSet="[01]*" length="1" bitPadDir="LEFT" bitLength="3"/>
				<field seq="2" name="gs1companyprefix" decimalMinimum="0" decimalMaximum="9999999999" characterSet="[01]*" length="10" bitPadDir="LEFT" bitLength="34"/>
				<field seq="3" name="locationref" decimalMinimum="0" decimalMaximum="99" characterSet="[01]*" length="2" bitPadDir="LEFT" bitLength="7"/>
				<field seq="4" name="serial" decimalMinimum="0" decimalMaximum="2199023255551" characterSet="[01]*" bitPadDir="LEFT" bitLength="41"/>
			</option>
			<option optionKey="9" pattern="^00110010([01]{3})011([01]{30})([01]{11})([01]{41})" grammar="'00110010' filter '011' gs1companyprefix locationref serial">
				<field seq="1" name="filter" decimalMinimum="0" decimalMaximum="7" characterSet="[01]*" length="1" bitPadDir="LEFT" bitLength="3"/>
				<field seq="2" name="gs1companyprefix" decimalMinimum="0" decimalMaximum="999999999" characterSet="[01]*" length="9" bitPadDir="LEFT" bitLength="30"/>
				<field seq="3" name="locationref" decimalMinimum="0" decimalMaximum="999" characterSet="[01]*" length="3" bitPadDir="LEFT" bitLength="11"/>
				<field seq="4" name="serial" decimalMinimum="0" decimalMaximum="2199023255551" characterSet="[01]*" bitPadDir="LEFT" bitLength="41"/>
			</option>
			<option optionKey="8" pattern="^00110010([01]{3})100([01]{27})([01]{14})([01]{41})" grammar="'00110010' filter '100' gs1companyprefix locationref serial">
				<field seq="1" name="filter" decimalMinimum="0" decimalMaximum="7" characterSet="[01]*" length="1" bitPadDir="LEFT" bitLength="3"/>
				<field seq="2" name="gs1companyprefix" decimalMinimum="0" decimalMaximum="99999999" characterSet="[01]*" length="8" bitPadDir="LEFT" bitLength="27"/>
				<field seq="3" name="locationref" decimalMinimum="0" decimalMaximum="9999" characterSet="[01]*" length="4" bitPadDir="LEFT" bitLength="14"/>
				<field seq="4" name="serial" decimalMinimum="0" decimalMaximum="2199023255551" characterSet="[01]*" bitPadDir="LEFT" bitLength="41"/>
			</option>
			<option optionKey="7" pattern="^00110010([01]{3})101([01]{24})([01]{17})([01]{41})" grammar="'00110010' filter '101' gs1companyprefix locationref serial">
				<field seq="1" name="filter" decimalMinimum="0" decimalMaximum="7" characterSet="[01]*" length="1" bitPadDir="LEFT" bitLength="3"/>
				<field seq="2" name="gs1companyprefix" decimalMinimum="0" decimalMaximum="9999999" characterSet="[01]*" length="7" bitPadDir="LEFT" bitLength="24"/>
				<field seq="3" name="locationref" decimalMinimum="0" decimalMaximum="99999" characterSet="[01]*" length="5" bitPadDir="LEFT" bitLength="17"/>
				<field seq="4" name="serial" decimalMinimum="0" decimalMaximum="2199023255551" characterSet="[01]*" bitPadDir="LEFT" bitLength="41"/>
			</option>
			<option optionKey="6" pattern="^00110010([01]{3})110([01]{20})([01]{21})([01]{41})" grammar="'00110010' filter '110' gs1companyprefix locationref serial">
				<field seq="1" name="filter" decimalMinimum="0" decimalMaximum="7" characterSet="[01]*" length="1" bitPadDir="LEFT" bitLength="3"/>
				<field seq="2" name="gs1companyprefix" decimalMinimum="0" decimalMaximum="999999" characterSet="[01]*" length="6" bitPadDir="LEFT" bitLength="20"/>
				<field seq="3" name="locationref" decimalMinimum="0" decimalMaximum="999999" characterSet="[01]*" length="6" bitPadDir="LEFT" bitLength="21"/>
				<field seq="4" name="serial" decimalMinimum="0" decimalMaximum="2199023255551" characterSet="[01]*" bitPadDir="LEFT" bitLength="41"/>
			</option>
		</level>
		<level type="TAG_ENCODING" prefixMatch="urn:epc:tag:sgln-96" requiredFormattingParameters="filter,tagLength">
			<option optionKey="12" pattern="^urn:epc:tag:sgln-96:([0-7]{1})\.([0-9]{12})\.()\.([0-9]{1,13})$" grammar="'urn:epc:tag:sgln-96:' filter '.' gs1companyprefix '.' locationref '.' serial">
				<field seq="1" name="filter" decimalMinimum="0" decimalMaximum="7" characterSet="[0-7]*" length="1" padChar="0" padDir="LEFT"/>
				<field seq="2" name="gs1companyprefix" decimalMinimum="0" decimalMaximum="999999999999" characterSet="[0-9]*" length="12" padChar="0" padDir="LEFT"/>
				<field seq="3" name="locationref" decimalMinimum="0" decimalMaximum="0" characterSet="[0-9]*" length="0" padChar="0" padDir="LEFT"/>
				<field seq="4" name="serial" decimalMinimum="0" decimalMaximum="2199023255551" characterSet="[0-9]*"/>
			</option>
			<option optionKey="11" pattern="^urn:epc:tag:sgln-96:([0-7]{1})\.([0-9]{11})\.([0-9]{1})\.([0-9]{1,13})$" grammar="'urn:epc:tag:sgln-96:' filter '.' gs1companyprefix '.' locationref '.' serial">
				<field seq="1" name="filter" decimalMinimum="0" decimalMaximum="7" characterSet="[0-7]*" length="1" padChar="0" padDir="LEFT"/>
				<field seq="2" name="gs1companyprefix" decimalMinimum="0" decimalMaximum="99999999999" characterSet="[0-9]*" length="11" padChar="0" padDir="LEFT"/>
				<field seq="3" name="locationref" decimalMinimum="0" decimalMaximum="9" characterSet="[0-9]*" length="1" padChar="0" padDir="LEFT"/>
				<field seq="4" name="serial" decimalMinimum="0" decimalMaximum="2199023255551" characterSet="[0-9]*"/>
			</option>
			<option optionKey="10" pattern="^urn:epc:tag:sgln-96:([0-7]{1})\.([0-9]{10})\.([0-9]{2})\.([0-9]{1,13})$" grammar="'urn:epc:tag:sgln-96:' filter '.' gs1companyprefix '.' locationref '.' serial">
				<field seq="1" name="filter" decimalMinimum="0" decimalMaximum="7" characterSet="[0-7]*" length="1" padChar="0" padDir="LEFT"/>
				<field seq="2" name="gs1companyprefix" decimalMinimum="0" decimalMaximum="9999999999" characterSet="[0-9]*" length="10" padChar="0" padDir="LEFT"/>
				<field seq="3" name="locationref" decimalMinimum="0" decimalMaximum="99" characterSet="[0-9]*" length="2" padChar="0" padDir="LEFT"/>
				<field seq="4" name="serial" decimalMinimum="0" decimalMaximum="2199023255551" characterSet="[0-9]*"/>
			</option>
			<option optionKey="9" pattern="^urn:epc:tag:sgln-96:([0-7]{1})\.([0-9]{9})\.([0-9]{3})\.([0-9]{1,13})$" grammar="'urn:epc:tag:sgln-96:' filter '.' gs1companyprefix '.' locationref '.' serial">
				<field seq="1" name="filter" decimalMinimum="0" decimalMaximum="7" characterSet="[0-7]*" length="1" padChar="0" padDir="LEFT"/>
				<field seq="2" name="gs1companyprefix" decimalMinimum="0" decimalMaximum="999999999" characterSet="[0-9]*" length="9" padChar="0" padDir="LEFT"/>
				<field seq="3" name="locationref" decimalMinimum="0" decimalMaximum="999" characterSet="[0-9]*" length="3" padChar="0" padDir="LEFT"/>
				<field seq="4" name="serial" decimalMinimum="0" decimalMaximum="2199023255551" characterSet="[0-9]*"/>
			</option>
			<option optionKey="8" pattern="^urn:epc:tag:sgln-96:([0-7]{1})\.([0-9]{8})\.([0-9]{4})\.([0-9]{1,13})$" grammar="'urn:epc:tag:sgln-96:' filter '.' gs1companyprefix '.' locationref '.' serial">
				<field seq="1" name="filter" decimalMinimum="0" decimalMaximum="7" characterSet="[0-7]*" length="1" padChar="0" padDir="LEFT"/>
				<field seq="2" name="gs1companyprefix" decimalMinimum="0" decimalMaximum="99999999" characterSet="[0-9]*" length="8" padChar="0" padDir="LEFT"/>
				<field seq="3" name="locationref" decimalMinimum="0" decimalMaximum="9999" characterSet="[0-9]*" length="4" padChar="0" padDir="LEFT"/>
				<field seq="4" name="serial" decimalMinimum="0" decimalMaximum="2199023255551" characterSet="[0-9]*"/>
			</option>
			<option optionKey="7" pattern="^urn:epc:tag:sgln-96:([0-7]{1})\.([0-9]{7})\.([0-9]{5})\.([0-9]{1,13})$" grammar="'urn:epc:tag:sgln-96:' filter '.' gs1companyprefix '.' locationref '.' serial">
				<field seq="1" name="filter" decimalMinimum="0" decimalMaximum="7" characterSet="[0-7]*" length="1" padChar="0" padDir="LEFT"/>
				<field seq="2" name="gs1companyprefix" decimalMinimum="0" decimalMaximum="9999999" characterSet="[0-9]*" length="7" padChar="0" padDir="LEFT"/>
				<field seq="3" name="locationref" decimalMinimum="0" decimalMaximum="99999" characterSet="[0-9]*" length="5" padChar="0" padDir="LEFT"/>
				<field seq="4" name="serial" decimalMinimum="0" decimalMaximum="2199023255551" characterSet="[0-9]*"/>
			</option>
			<option optionKey="6" pattern="^urn:epc:tag:sgln-96:([0-7]{1})\.([0-9]{6})\.([0-9]{6})\.([0-9]{1,13})$" grammar="'urn:epc:tag:sgln-96:' filter '.' gs1companyprefix '.' locationref '.' serial">
				<field seq="1" name="filter" decimalMinimum="0" decimalMaximum="7" characterSet="[0-7]*" length="1" padChar="0" padDir="LEFT"/>
				<field seq="2" name="gs1companyprefix" decimalMinimum="0" decimalMaximum="999999" characterSet="[0-9]*" length="6" padChar="0" padDir="LEFT"/>
				<field seq="3" name="locationref" decimalMinimum="0" decimalMaximum="999999" characterSet="[0-9]*" length="6" padChar="0" padDir="LEFT"/>
				<field seq="4" name="serial" decimalMinimum="0" decimalMaximum="2199023255551" characterSet="[0-9]*"/>
			</option>
		</level>
		<level type="PURE_IDENTITY" prefixMatch="urn:epc:id:sgln">
			<option optionKey="12" pattern="^urn:epc:id:sgln:([0-9]{12})\.()\.([0-9]{1,13})$" grammar="'urn:epc:id:sgln:' gs1companyprefix '.' locationref '.' serial">
				<field seq="1" name="gs1companyprefix" decimalMinimum="0" decimalMaximum="999999999999" characterSet="[0-9]*" length="12" padChar="0" padDir="LEFT"/>
				<field seq="2" name="locationref" decimalMinimum="0" decimalMaximum="0" characterSet="[0-9]*" length="0" padChar="0" padDir="LEFT"/>
				<field seq="3" name="serial" decimalMinimum="0" decimalMaximum="2199023255551" characterSet="[0-9]*"/>
			</option>
			<option optionKey="11" pattern="^urn:epc:id:sgln:([0-9]{11})\.([0-9]{1})\.([0-9]{1,13})$" grammar="'urn:epc:id:sgln:' gs1companyprefix '.' locationref '.' serial">
				<field seq="1" name="gs1companyprefix" decimalMinimum="0" decimalMaximum="99999999999" characterSet="[0-9]*" length="11" padChar="0" padDir="LEFT"/>
				<field seq="2" name="locationref" decimalMinimum="0" decimalMaximum="9" characterSet="[0-9]*" length="1" padChar="0" padDir="LEFT"/>
				<field seq="3" name="serial" decimalMinimum="0" decimalMaximum="2199023255551" characterSet="[0-9]*"/>
			</option>
			<option optionKey="10" pattern="^urn:epc:id:sgln:([0-9]{10})\.([0-9]{2})\.([0-9]{1,13})$" grammar="'urn:epc:id:sgln:' gs1companyprefix '.' locationref '.' serial">
				<field seq="1" name="gs1companyprefix" decimalMinimum="0" decimalMaximum="9999999999" characterSet="[0-9]*" length="10" padChar="0" padDir="LEFT"/>
				<field seq="2" name="locationref" decimalMinimum="0" decimalMaximum="99" characterSet="[0-9]*" length="2" padChar="0" padDir="LEFT"/>
				<field seq="3" name="serial" decimalMinimum="0" decimalMaximum="2199023255551" characterSet="[0-9]*"/>
			</option>
			<option optionKey="9" pattern="^urn:epc:id:sgln:([0-9]{9})\.([0-9]{3})\.([0-9]{1,13})$" grammar="'urn:epc:id:sgln:' gs1companyprefix '.' locationref '.' serial">
				<field seq="1" name="gs1companyprefix" decimalMinimum="0" decimalMaximum="999999999" characterSet="[0-9]*" length="9" padChar="0" padDir="LEFT"/>
				<field seq="2" name="locationref" decimalMinimum="0" decimalMaximum="999" characterSet="[0-9]*" length="3" padChar="0" padDir="LEFT"/>
				<field seq="3" name="serial" decimalMinimum="0" decimalMaximum="2199023255551" characterSet="[0-9]*"/>
			</option>
			<option optionKey="8" pattern="^urn:epc:id:sgln:([0-9]{8})\.([0-9]{4})\.([0-9]{1,13})$" grammar="'urn:epc:id:sgln:' gs1companyprefix '.' locationref '.' serial">
				<field seq="1" name="gs1companyprefix" decimalMinimum="0" decimalMaximum="99999999" characterSet="[0-9]*" length="8" padChar="0" padDir="LEFT"/>
				<field seq="2" name="locationref" decimalMinimum="0" decimalMaximum="9999" characterSet="[0-9]*" length="4" padChar="0" padDir="LEFT"/>
				<field seq="3" name="serial" decimalMinimum="0" decimalMaximum="2199023255551" characterSet="[0-9]*"/>
			</option>
			<option optionKey="7" pattern="^urn:epc:id:sgln:([0-9]{7})\.([0-9]{5})\.([0-9]{1,13})$" grammar="'urn:epc:id:sgln:' gs1companyprefix '.' locationref '.' serial">
				<field seq="1" name="gs1companyprefix" decimalMinimum="0" decimalMaximum="9999999" characterSet="[0-9]*" length="7" padChar="0" padDir="LEFT"/>
				<field seq="2" name="locationref" decimalMinimum="0" decimalMaximum="99999" characterSet="[0-9]*" length="5" padChar="0" padDir="LEFT"/>
				<field seq="3" name="serial" decimalMinimum="0" decimalMaximum="2199023255551" characterSet="[0-9]*"/>
			</option>
			<option optionKey="6" pattern="^urn:epc:id:sgln:([0-9]{6})\.([0-9]{6})\.([0-9]{1,13})$" grammar="'urn:epc:id:sgln:' gs1companyprefix '.' locationref '.' serial">
				<field seq="1" name="gs1companyprefix" decimalMinimum="0" decimalMaximum="999999" characterSet="[0-9]*" length="6" padChar="0" padDir="LEFT"/>
				<field seq="2" name="locationref" decimalMinimum="0" decimalMaximum="999999" characterSet="[0-9]*" length="6" padChar="0" padDir="LEFT"/>
				<field seq="3" name="serial" decimalMinimum="0" decimalMaximum="2199023255551" characterSet="[0-9]*"/>
			</option>
		</level>
		<level type="BARE_IDENTIFIER" prefixMatch="gln=" requiredParsingParameters="gs1companyprefixlength">
			<option optionKey="12" pattern="^gln=([0-9]{13})(?:;serial=([0-9]{1,13}))?$" grammar="'gln=' gs1companyprefix locationref checkdigit ';serial=' serial">
				<field seq="1" name="gln" decimalMinimum="0" decimalMaximum="9999999999999" characterSet="[0-9]*" length="13" padChar="0" padDir="LEFT" gcpOffset="0"/>
				<field seq="2" name="serial" decimalMinimum="0" decimalMaximum="2199023255551" characterSet="[0-9]*"/>
			</option>
			<option optionKey="11" pattern="^gln=([0-9]{13})(?:;serial=([0-9]{1,13}))?$" grammar="'gln=' gs1companyprefix locationref checkdigit ';serial=' serial">
				<field seq="1" name="gln" decimalMinimum="0" decimalMaximum="9999999999999" characterSet="[0-9]*" length="13" padChar="0" padDir="LEFT" gcpOffset="0"/>
				<field seq="2" name="serial" decimalMinimum="0" decimalMaximum="2199023255551" characterSet="[0-9]*"/>
			</option>
			<option optionKey="10" pattern="^gln=([0-9]{13})(?:;serial=([0-9]{1,13}))?$" grammar="'gln=' gs1companyprefix locationref checkdigit ';serial=' serial">
				<field seq="1" name="gln" decimalMinimum="0" decimalMaximum="9999999999999" characterSet="[0-9]*" length="13" padChar="0" padDir="LEFT" gcpOffset="0"/>
				<field seq="2" name="serial" decimalMinimum="0" decimalMaximum="2199023255551" characterSet="[0-9]*"/>
			</option>
			<option optionKey="9" pattern="^gln=([0-9]{13})(?:;serial=([0-9]{1,13}))?$" grammar="'gln=' gs1companyprefix locationref checkdigit ';serial=' serial">
				<field seq="1" name="gln" decimalMinimum="0" decimalMaximum="9999999999999" characterSet="[0-9]*" length="13" padChar="0" padDir="LEFT" gcpOffset="0"/>
				<field seq="2" name="serial" decimalMinimum="0" decimalMaximum="2199023255551" characterSet="[0-9]*"/>
			</option>
			<option optionKey="8" pattern="^gln=([0-9]{13})(?:;serial=([0-9]{1,13}))?$" grammar="'gln=' gs1companyprefix locationref checkdigit ';serial=' serial">
				<field seq="1" name="gln" decimalMinimum="0" decimalMaximum="9999999999999" characterSet="[0-9]*" length="13" padChar="0" padDir="LEFT" gcpOffset="0"/>
				<field seq="2" name="serial" decimalMinimum="0" decimalMaximum="2199023255551" characterSet="[0-9]*"/>
			</option>
			<option optionKey="7" pattern="^gln=([0-9]{13})(?:;serial=([0-9]{1,13}))?$" grammar="'gln=' gs1companyprefix locationref checkdigit ';serial=' serial">
				<field seq="1" name="gln" decimalMinimum="0" decimalMaximum="9999999999999" characterSet="[0-9]*" length="13" padChar="0" padDir="LEFT" gcpOffset="0"/>
				<field seq="2" name="serial" decimalMinimum="0" decimalMaximum="2199023255551" characterSet="[0-9]*"/>
			</option>
			<option optionKey="6" pattern="^gln=([0-9]{13})(?:;serial=([0-9]{1,13}))?$" grammar="'gln=' gs1companyprefix locationref checkdigit ';serial=' serial">
				<field seq="1" name="gln" decimalMinimum="0" decimalMaximum="9999999999999" characterSet="[0-9]*" length="13" padChar="0" padDir="LEFT" gcpOffset="0"/>
				<field seq="2" name="serial" decimalMinimum="0" decimalMaximum="2199023255551" characterSet="[0-9]*"/>
			</option>
			<rule type="EXTRACT" inputFormat="STRING" seq="1" newFieldName="glnprefixremainder" characterSet="[0-9]*" length="12" function="SUBSTR(gln,0,12)"/>
			<rule type="EXTRACT" inputFormat="STRING" seq="2" newFieldName="locationref" characterSet="[0-9]*" function="SUBSTR(glnprefixremainder,gs1companyprefixlength)"/>
			<rule type="EXTRACT" inputFormat="STRING" seq="3" newFieldName="gs1companyprefix" characterSet="[0-9]*" function="SUBSTR(glnprefixremainder,0,gs1companyprefixlength)"/>
			<rule type="FORMAT" inputFormat="STRING" seq="1" newFieldName="glnprefix" characterSet="[0-9]*" length="12" function="CONCAT(gs1companyprefix,locationref)"/>
			<rule type="FORMAT" inputFormat="STRING" seq="2" newFieldName="checkdigit" characterSet="[0-9]*" length="1" function="GS1CHECKSUM(glnprefix)"/>
		</level>
		<level type="GS1_AI_JSON" prefixMatch="{" requiredParsingParameters="gs1companyprefixlength">
			<option optionKey="12" pattern="^\{\s*\x22414\x22\s*:\s*\x22([0-9]{13})\x22\s*,\s*\x22254\x22\s*:\s*\x22([0-9]{1,13})\x22" grammar="'{&quot;414&quot;:&quot;' gs1companyprefix locationref checkdigit '&quot;,&quot;254&quot;:&quot;' serial '&quot;}'" aiSequence="[&quot;414&quot;,&quot;254&quot;]" >
				<field seq="1" name="gln" decimalMinimum="0" decimalMaximum="9999999999999" characterSet="[0-9]*" length="13" padChar="0" padDir="LEFT" gcpOffset="0"/>
				<field seq="2" name="serial" decimalMinimum="0" decimalMaximum="2199023255551" characterSet="[0-9]*"/>
			</option>
			<option optionKey="11" pattern="^\{\s*\x22414\x22\s*:\s*\x22([0-9]{13})\x22\s*,\s*\x22254\x22\s*:\s*\x22([0-9]{1,13})\x22" grammar="'{&quot;414&quot;:&quot;' gs1companyprefix locationref checkdigit '&quot;,&quot;254&quot;:&quot;' serial '&quot;}'" aiSequence="[&quot;414&quot;,&quot;254&quot;]" >
				<field seq="1" name="gln" decimalMinimum="0" decimalMaximum="9999999999999" characterSet="[0-9]*" length="13" padChar="0" padDir="LEFT" gcpOffset="0"/>
				<field seq="2" name="serial" decimalMinimum="0" decimalMaximum="2199023255551" characterSet="[0-9]*"/>
			</option>
			<option optionKey="10" pattern="^\{\s*\x22414\x22\s*:\s*\x22([0-9]{13})\x22\s*,\s*\x22254\x22\s*:\s*\x22([0-9]{1,13})\x22" grammar="'{&quot;414&quot;:&quot;' gs1companyprefix locationref checkdigit '&quot;,&quot;254&quot;:&quot;' serial '&quot;}'" aiSequence="[&quot;414&quot;,&quot;254&quot;]" >
				<field seq="1" name="gln" decimalMinimum="0" decimalMaximum="9999999999999" characterSet="[0-9]*" length="13" padChar="0" padDir="LEFT" gcpOffset="0"/>
				<field seq="2" name="serial" decimalMinimum="0" decimalMaximum="2199023255551" characterSet="[0-9]*"/>
			</option>
			<option optionKey="9" pattern="^\{\s*\x22414\x22\s*:\s*\x22([0-9]{13})\x22\s*,\s*\x22254\x22\s*:\s*\x22([0-9]{1,13})\x22" grammar="'{&quot;414&quot;:&quot;' gs1companyprefix locationref checkdigit '&quot;,&quot;254&quot;:&quot;' serial '&quot;}'" aiSequence="[&quot;414&quot;,&quot;254&quot;]" >
				<field seq="1" name="gln" decimalMinimum="0" decimalMaximum="9999999999999" characterSet="[0-9]*" length="13" padChar="0" padDir="LEFT" gcpOffset="0"/>
				<field seq="2" name="serial" decimalMinimum="0" decimalMaximum="2199023255551" characterSet="[0-9]*"/>
			</option>
			<option optionKey="8" pattern="^\{\s*\x22414\x22\s*:\s*\x22([0-9]{13})\x22\s*,\s*\x22254\x22\s*:\s*\x22([0-9]{1,13})\x22" grammar="'{&quot;414&quot;:&quot;' gs1companyprefix locationref checkdigit '&quot;,&quot;254&quot;:&quot;' serial '&quot;}'" aiSequence="[&quot;414&quot;,&quot;254&quot;]" >
				<field seq="1" name="gln" decimalMinimum="0" decimalMaximum="9999999999999" characterSet="[0-9]*" length="13" padChar="0" padDir="LEFT" gcpOffset="0"/>
				<field seq="2" name="serial" decimalMinimum="0" decimalMaximum="2199023255551" characterSet="[0-9]*"/>
			</option>
			<option optionKey="7" pattern="^\{\s*\x22414\x22\s*:\s*\x22([0-9]{13})\x22\s*,\s*\x22254\x22\s*:\s*\x22([0-9]{1,13})\x22" grammar="'{&quot;414&quot;:&quot;' gs1companyprefix locationref checkdigit '&quot;,&quot;254&quot;:&quot;' serial '&quot;}'" aiSequence="[&quot;414&quot;,&quot;254&quot;]" >
				<field seq="1" name="gln" decimalMinimum="0" decimalMaximum="9999999999999" characterSet="[0-9]*" length="13" padChar="0" padDir="LEFT" gcpOffset="0"/>
				<field seq="2" name="serial" decimalMinimum="0" decimalMaximum="2199023255551" characterSet="[0-9]*"/>
			</option>
			<option optionKey="6" pattern="^\{\s*\x22414\x22\s*:\s*\x22([0-9]{13})\x22\s*,\s*\x22254\x22\s*:\s*\x22([0-9]{1,13})\x22" grammar="'{&quot;414&quot;:&quot;' gs1companyprefix locationref checkdigit '&quot;,&quot;254&quot;:&quot;' serial '&quot;}'" aiSequence="[&quot;414&quot;,&quot;254&quot;]" >
				<field seq="1" name="gln" decimalMinimum="0" decimalMaximum="9999999999999" characterSet="[0-9]*" length="13" padChar="0" padDir="LEFT" gcpOffset="0"/>
				<field seq="2" name="serial" decimalMinimum="0" decimalMaximum="2199023255551" characterSet="[0-9]*"/>
			</option>
			<rule type="EXTRACT" inputFormat="STRING" seq="1" newFieldName="glnprefixremainder" characterSet="[0-9]*" length="12" function="SUBSTR(gln,0,12)"/>
			<rule type="EXTRACT" inputFormat="STRING" seq="2" newFieldName="locationref" characterSet="[0-9]*" function="SUBSTR(glnprefixremainder,gs1companyprefixlength)"/>
			<rule type="EXTRACT" inputFormat="STRING" seq="3" newFieldName="gs1companyprefix" characterSet="[0-9]*" function="SUBSTR(glnprefixremainder,0,gs1companyprefixlength)"/>
			<rule type="FORMAT" inputFormat="STRING" seq="1" newFieldName="glnprefix" characterSet="[0-9]*" length="12" function="CONCAT(gs1companyprefix,locationref)"/>
			<rule type="FORMAT" inputFormat="STRING" seq="2" newFieldName="checkdigit" characterSet="[0-9]*" length="1" function="GS1CHECKSUM(glnprefix)"/>
		</level>
		<level type="GS1_DIGITAL_LINK" prefixMatch="http" requiredFormattingParameters="uriStem" requiredParsingParameters="gs1companyprefixlength" gs1DigitalLinkKeyQualifiers="[&quot;254&quot;]" >
			<option optionKey="12" pattern="\/414\/([0-9]{13})(?:\/254\/([0-9]{1,13}))?(?:\?|$)" grammar="uriStem '/414/' gs1companyprefix locationref checkdigit '/254/' serial" aiSequence="[&quot;414&quot;,&quot;254&quot;]" >
				<field seq="1" name="gln" decimalMinimum="0" decimalMaximum="9999999999999" characterSet="[0-9]*" length="13" padChar="0" padDir="LEFT" gcpOffset="0"/>
				<field seq="2" name="serial" decimalMinimum="0" decimalMaximum="2199023255551" characterSet="[0-9]*"/>
			</option>
			<option optionKey="11" pattern="\/414\/([0-9]{13})(?:\/254\/([0-9]{1,13}))?(?:\?|$)" grammar="uriStem '/414/' gs1companyprefix locationref checkdigit '/254/' serial" aiSequence="[&quot;414&quot;,&quot;254&quot;]" >
				<field seq="1" name="gln" decimalMinimum="0" decimalMaximum="9999999999999" characterSet="[0-9]*" length="13" padChar="0" padDir="LEFT" gcpOffset="0"/>
				<field seq="2" name="serial" decimalMinimum="0" decimalMaximum="2199023255551" characterSet="[0-9]*"/>
			</option>
			<option optionKey="10" pattern="\/414\/([0-9]{13})(?:\/254\/([0-9]{1,13}))?(?:\?|$)" grammar="uriStem '/414/' gs1companyprefix locationref checkdigit '/254/' serial" aiSequence="[&quot;414&quot;,&quot;254&quot;]" >
				<field seq="1" name="gln" decimalMinimum="0" decimalMaximum="9999999999999" characterSet="[0-9]*" length="13" padChar="0" padDir="LEFT" gcpOffset="0"/>
				<field seq="2" name="serial" decimalMinimum="0" decimalMaximum="2199023255551" characterSet="[0-9]*"/>
			</option>
			<option optionKey="9" pattern="\/414\/([0-9]{13})(?:\/254\/([0-9]{1,13}))?(?:\?|$)" grammar="uriStem '/414/' gs1companyprefix locationref checkdigit '/254/' serial" aiSequence="[&quot;414&quot;,&quot;254&quot;]" >
				<field seq="1" name="gln" decimalMinimum="0" decimalMaximum="9999999999999" characterSet="[0-9]*" length="13" padChar="0" padDir="LEFT" gcpOffset="0"/>
				<field seq="2" name="serial" decimalMinimum="0" decimalMaximum="2199023255551" characterSet="[0-9]*"/>
			</option>
			<option optionKey="8" pattern="\/414\/([0-9]{13})(?:\/254\/([0-9]{1,13}))?(?:\?|$)" grammar="uriStem '/414/' gs1companyprefix locationref checkdigit '/254/' serial" aiSequence="[&quot;414&quot;,&quot;254&quot;]" >
				<field seq="1" name="gln" decimalMinimum="0" decimalMaximum="9999999999999" characterSet="[0-9]*" length="13" padChar="0" padDir="LEFT" gcpOffset="0"/>
				<field seq="2" name="serial" decimalMinimum="0" decimalMaximum="2199023255551" characterSet="[0-9]*"/>
			</option>
			<option optionKey="7" pattern="\/414\/([0-9]{13})(?:\/254\/([0-9]{1,13}))?(?:\?|$)" grammar="uriStem '/414/' gs1companyprefix locationref checkdigit '/254/' serial" aiSequence="[&quot;414&quot;,&quot;254&quot;]" >
				<field seq="1" name="gln" decimalMinimum="0" decimalMaximum="9999999999999" characterSet="[0-9]*" length="13" padChar="0" padDir="LEFT" gcpOffset="0"/>
				<field seq="2" name="serial" decimalMinimum="0" decimalMaximum="2199023255551" characterSet="[0-9]*"/>
			</option>
			<option optionKey="6" pattern="\/414\/([0-9]{13})(?:\/254\/([0-9]{1,13}))?(?:\?|$)" grammar="uriStem '/414/' gs1companyprefix locationref checkdigit '/254/' serial" aiSequence="[&quot;414&quot;,&quot;254&quot;]" >
				<field seq="1" name="gln" decimalMinimum="0" decimalMaximum="9999999999999" characterSet="[0-9]*" length="13" padChar="0" padDir="LEFT" gcpOffset="0"/>
				<field seq="2" name="serial" decimalMinimum="0" decimalMaximum="2199023255551" characterSet="[0-9]*"/>
			</option>
			<rule type="EXTRACT" inputFormat="STRING" seq="1" newFieldName="glnprefixremainder" characterSet="[0-9]*" length="12" function="SUBSTR(gln,0,12)"/>
			<rule type="EXTRACT" inputFormat="STRING" seq="2" newFieldName="locationref" characterSet="[0-9]*" function="SUBSTR(glnprefixremainder,gs1companyprefixlength)"/>
			<rule type="EXTRACT" inputFormat="STRING" seq="3" newFieldName="gs1companyprefix" characterSet="[0-9]*" function="SUBSTR(glnprefixremainder,0,gs1companyprefixlength)"/>
			<rule type="FORMAT" inputFormat="STRING" seq="1" newFieldName="glnprefix" characterSet="[0-9]*" length="12" function="CONCAT(gs1companyprefix,locationref)"/>
			<rule type="FORMAT" inputFormat="STRING" seq="2" newFieldName="checkdigit" characterSet="[0-9]*" length="1" function="GS1CHECKSUM(glnprefix)"/>
		</level>
	</scheme>
</tdt:epcTagDataTranslation>
