<?xml version="1.0" encoding="UTF-8"?>
<table>
	<tableID>F</tableID>
	<date>2024-11-18T16:30:00Z</date>
	<description>Encoding format table for values of GS1 Application Identifiers</description>
	<columns>
		<column id="a" name="AI" description= "GS1 Application Identifier key"></column>
		<column id="b" name="Comp1-format" description= "Format of first component"></column>
		<column id="c" name="Comp1-specSection" description= "Section of TDS 2.0 for encoding of first component"></column>
		<column id="d" name="Comp1-fixedLengthChrs" description= "Number of characters Fixed Length for first component"></column>
		<column id="e" name="Comp1-fixedLengthBits" description= "Number of bits Fixed Length for first component"></column>
		<column id="f" name="Comp1-encodingIndicatorBits" description= "Number of bits for encoding indicator of first component"></column>
		<column id="g" name="Comp1-lengthIndicatorBits" description= "Number of bits for length indicator of first component"></column>
		<column id="h" name="Comp1-maxCharacters" description= "Maximum length (characters) for first component"></column>
		<column id="i" name="Comp2-format" description= "Format of second component"></column>
		<column id="j" name="Comp2-specSection" description= "Section of TDS 2.0 for encoding of second component"></column>
		<column id="k" name="Comp2-fixedLengthChrs" description= "Number of characters Fixed Length for second component"></column>
		<column id="l" name="Comp2-fixedLengthBits" description= "Number of bits Fixed Length for second component"></column>
		<column id="m" name="Comp2-encodingIndicatorBits" description= "Number of bits for encoding indicator of second component"></column>
		<column id="n" name="Comp2-lengthIndicatorBits" description= "Number of bits for length indicator of second component"></column>
		<column id="o" name="Comp2-maxCharacters" description= "Maximum length (characters) for second component"></column>
	</columns>
	<rows>
		<row a="00" b="Fixed-length numeric" c="14.5.4" d="18" e="72"></row>
		<row a="01" b="Fixed-length numeric" c="14.5.4" d="14" e="56"></row>
		<row a="02" b="Fixed-length numeric" c="14.5.4" d="14" e="56"></row>
		<row a="10" b="Variable-length alphanumeric" c="14.5.6" f="3" g="5" h="20"></row>
		<row a="11" b="6-digit date YYMMDD" c="14.5.8" d="6" e="16"></row>
		<row a="12" b="6-digit date YYMMDD" c="14.5.8" d="6" e="16"></row>
		<row a="13" b="6-digit date YYMMDD" c="14.5.8" d="6" e="16"></row>
		<row a="15" b="6-digit date YYMMDD" c="14.5.8" d="6" e="16"></row>
		<row a="16" b="6-digit date YYMMDD" c="14.5.8" d="6" e="16"></row>
		<row a="17" b="6-digit date YYMMDD" c="14.5.8" d="6" e="16"></row>
		<row a="20" b="Fixed-Bit-Length Numeric String" c="14.5.2" d="2" e="7"></row>
		<row a="21" b="Variable-length alphanumeric" c="14.5.6" f="3" g="5" h="20"></row>
		<row a="22" b="Variable-length alphanumeric" c="14.5.6" f="3" g="5" h="20"></row>
		<row a="235" b="Variable-length alphanumeric" c="14.5.6" f="3" g="5" h="28"></row>
		<row a="240" b="Variable-length alphanumeric" c="14.5.6" f="3" g="5" h="30"></row>
		<row a="241" b="Variable-length alphanumeric" c="14.5.6" f="3" g="5" h="30"></row>
		<row a="242" b="Variable-length numeric string without encoding indicator" c="14.5.13" g="3" h="6"></row>
		<row a="243" b="Variable-length alphanumeric" c="14.5.6" f="3" g="5" h="20"></row>
		<row a="250" b="Variable-length alphanumeric" c="14.5.6" f="3" g="5" h="30"></row>
		<row a="251" b="Variable-length alphanumeric" c="14.5.6" f="3" g="5" h="30"></row>
		<row a="253" b="Fixed-length numeric" c="14.5.4" d="13" e="52" i="Variable-length alphanumeric" j="14.5.6" m="3" n="5" o="17"></row>
		<row a="254" b="Variable-length alphanumeric" c="14.5.6" f="3" g="5" h="20"></row>
		<row a="255" b="Fixed-length numeric" c="14.5.4" d="13" e="52" i="Variable-length numeric string without encoding indicator" j="14.5.13" n="4" o="12"></row>
		<row a="30" b="Variable-length numeric string without encoding indicator" c="14.5.13" g="4" h="8"></row>
		<row a="3100" b="Fixed-Bit-Length Numeric String" c="14.5.2" d="6" e="20"></row>
		<row a="3101" b="Fixed-Bit-Length Numeric String" c="14.5.2" d="6" e="20"></row>
		<row a="3102" b="Fixed-Bit-Length Numeric String" c="14.5.2" d="6" e="20"></row>
		<row a="3103" b="Fixed-Bit-Length Numeric String" c="14.5.2" d="6" e="20"></row>
		<row a="3104" b="Fixed-Bit-Length Numeric String" c="14.5.2" d="6" e="20"></row>
		<row a="3105" b="Fixed-Bit-Length Numeric String" c="14.5.2" d="6" e="20"></row>
		<row a="3110" b="Fixed-Bit-Length Numeric String" c="14.5.2" d="6" e="20"></row>
		<row a="3111" b="Fixed-Bit-Length Numeric String" c="14.5.2" d="6" e="20"></row>
		<row a="3112" b="Fixed-Bit-Length Numeric String" c="14.5.2" d="6" e="20"></row>
		<row a="3113" b="Fixed-Bit-Length Numeric String" c="14.5.2" d="6" e="20"></row>
		<row a="3114" b="Fixed-Bit-Length Numeric String" c="14.5.2" d="6" e="20"></row>
		<row a="3115" b="Fixed-Bit-Length Numeric String" c="14.5.2" d="6" e="20"></row>
		<row a="3120" b="Fixed-Bit-Length Numeric String" c="14.5.2" d="6" e="20"></row>
		<row a="3121" b="Fixed-Bit-Length Numeric String" c="14.5.2" d="6" e="20"></row>
		<row a="3122" b="Fixed-Bit-Length Numeric String" c="14.5.2" d="6" e="20"></row>
		<row a="3123" b="Fixed-Bit-Length Numeric String" c="14.5.2" d="6" e="20"></row>
		<row a="3124" b="Fixed-Bit-Length Numeric String" c="14.5.2" d="6" e="20"></row>
		<row a="3125" b="Fixed-Bit-Length Numeric String" c="14.5.2" d="6" e="20"></row>
		<row a="3130" b="Fixed-Bit-Length Numeric String" c="14.5.2" d="6" e="20"></row>
		<row a="3131" b="Fixed-Bit-Length Numeric String" c="14.5.2" d="6" e="20"></row>
		<row a="3132" b="Fixed-Bit-Length Numeric String" c="14.5.2" d="6" e="20"></row>
		<row a="3133" b="Fixed-Bit-Length Numeric String" c="14.5.2" d="6" e="20"></row>
		<row a="3134" b="Fixed-Bit-Length Numeric String" c="14.5.2" d="6" e="20"></row>
		<row a="3135" b="Fixed-Bit-Length Numeric String" c="14.5.2" d="6" e="20"></row>
		<row a="3140" b="Fixed-Bit-Length Numeric String" c="14.5.2" d="6" e="20"></row>
		<row a="3141" b="Fixed-Bit-Length Numeric String" c="14.5.2" d="6" e="20"></row>
		<row a="3142" b="Fixed-Bit-Length Numeric String" c="14.5.2" d="6" e="20"></row>
		<row a="3143" b="Fixed-Bit-Length Numeric String" c="14.5.2" d="6" e="20"></row>
		<row a="3144" b="Fixed-Bit-Length Numeric String" c="14.5.2" d="6" e="20"></row>
		<row a="3145" b="Fixed-Bit-Length Numeric String" c="14.5.2" d="6" e="20"></row>
		<row a="3150" b="Fixed-Bit-Length Numeric String" c="14.5.2" d="6" e="20"></row>
		<row a="3151" b="Fixed-Bit-Length Numeric String" c="14.5.2" d="6" e="20"></row>
		<row a="3152" b="Fixed-Bit-Length Numeric String" c="14.5.2" d="6" e="20"></row>
		<row a="3153" b="Fixed-Bit-Length Numeric String" c="14.5.2" d="6" e="20"></row>
		<row a="3154" b="Fixed-Bit-Length Numeric String" c="14.5.2" d="6" e="20"></row>
		<row a="3155" b="Fixed-Bit-Length Numeric String" c="14.5.2" d="6" e="20"></row>
		<row a="3160" b="Fixed-Bit-Length Numeric String" c="14.5.2" d="6" e="20"></row>
		<row a="3161" b="Fixed-Bit-Length Numeric String" c="14.5.2" d="6" e="20"></row>
		<row a="3162" b="Fixed-Bit-Length Numeric String" c="14.5.2" d="6" e="20"></row>
		<row a="3163" b="Fixed-Bit-Length Numeric String" c="14.5.2" d="6" e="20"></row>
		<row a="3164" b="Fixed-Bit-Length Numeric String" c="14.5.2" d="6" e="20"></row>
		<row a="3165" b="Fixed-Bit-Length Numeric String" c="14.5.2" d="6" e="20"></row>
		<row a="3200" b="Fixed-Bit-Length Numeric String" c="14.5.2" d="6" e="20"></row>
		<row a="3201" b="Fixed-Bit-Length Numeric String" c="14.5.2" d="6" e="20"></row>
		<row a="3202" b="Fixed-Bit-Length Numeric String" c="14.5.2" d="6" e="20"></row>
		<row a="3203" b="Fixed-Bit-Length Numeric String" c="14.5.2" d="6" e="20"></row>
		<row a="3204" b="Fixed-Bit-Length Numeric String" c="14.5.2" d="6" e="20"></row>
		<row a="3205" b="Fixed-Bit-Length Numeric String" c="14.5.2" d="6" e="20"></row>
		<row a="3210" b="Fixed-Bit-Length Numeric String" c="14.5.2" d="6" e="20"></row>
		<row a="3211" b="Fixed-Bit-Length Numeric String" c="14.5.2" d="6" e="20"></row>
		<row a="3212" b="Fixed-Bit-Length Numeric String" c="14.5.2" d="6" e="20"></row>
		<row a="3213" b="Fixed-Bit-Length Numeric String" c="14.5.2" d="6" e="20"></row>
		<row a="3214" b="Fixed-Bit-Length Numeric String" c="14.5.2" d="6" e="20"></row>
		<row a="3215" b="Fixed-Bit-Length Numeric String" c="14.5.2" d="6" e="20"></row>
		<row a="3220" b="Fixed-Bit-Length Numeric String" c="14.5.2" d="6" e="20"></row>
		<row a="3221" b="Fixed-Bit-Length Numeric String" c="14.5.2" d="6" e="20"></row>
		<row a="3222" b="Fixed-Bit-Length Numeric String" c="14.5.2" d="6" e="20"></row>
		<row a="3223" b="Fixed-Bit-Length Numeric String" c="14.5.2" d="6" e="20"></row>
		<row a="3224" b="Fixed-Bit-Length Numeric String" c="14.5.2" d="6" e="20"></row>
		<row a="3225" b="Fixed-Bit-Length Numeric String" c="14.5.2" d="6" e="20"></row>
		<row a="3230" b="Fixed-Bit-Length Numeric String" c="14.5.2" d="6" e="20"></row>
		<row a="3231" b="Fixed-Bit-Length Numeric String" c="14.5.2" d="6" e="20"></row>
		<row a="3232" b="Fixed-Bit-Length Numeric String" c="14.5.2" d="6" e="20"></row>
		<row a="3233" b="Fixed-Bit-Length Numeric String" c="14.5.2" d="6" e="20"></row>
		<row a="3234" b="Fixed-Bit-Length Numeric String" c="14.5.2" d="6" e="20"></row>
		<row a="3235" b="Fixed-Bit-Length Numeric String" c="14.5.2" d="6" e="20"></row>
		<row a="3240" b="Fixed-Bit-Length Numeric String" c="14.5.2" d="6" e="20"></row>
		<row a="3241" b="Fixed-Bit-Length Numeric String" c="14.5.2" d="6" e="20"></row>
		<row a="3242" b="Fixed-Bit-Length Numeric String" c="14.5.2" d="6" e="20"></row>
		<row a="3243" b="Fixed-Bit-Length Numeric String" c="14.5.2" d="6" e="20"></row>
		<row a="3244" b="Fixed-Bit-Length Numeric String" c="14.5.2" d="6" e="20"></row>
		<row a="3245" b="Fixed-Bit-Length Numeric String" c="14.5.2" d="6" e="20"></row>
		<row a="3250" b="Fixed-Bit-Length Numeric String" c="14.5.2" d="6" e="20"></row>
		<row a="3251" b="Fixed-Bit-Length Numeric String" c="14.5.2" d="6" e="20"></row>
		<row a="3252" b="Fixed-Bit-Length Numeric String" c="14.5.2" d="6" e="20"></row>
		<row a="3253" b="Fixed-Bit-Length Numeric String" c="14.5.2" d="6" e="20"></row>
		<row a="3254" b="Fixed-Bit-Length Numeric String" c="14.5.2" d="6" e="20"></row>
		<row a="3255" b="Fixed-Bit-Length Numeric String" c="14.5.2" d="6" e="20"></row>
		<row a="3260" b="Fixed-Bit-Length Numeric String" c="14.5.2" d="6" e="20"></row>
		<row a="3261" b="Fixed-Bit-Length Numeric String" c="14.5.2" d="6" e="20"></row>
		<row a="3262" b="Fixed-Bit-Length Numeric String" c="14.5.2" d="6" e="20"></row>
		<row a="3263" b="Fixed-Bit-Length Numeric String" c="14.5.2" d="6" e="20"></row>
		<row a="3264" b="Fixed-Bit-Length Numeric String" c="14.5.2" d="6" e="20"></row>
		<row a="3265" b="Fixed-Bit-Length Numeric String" c="14.5.2" d="6" e="20"></row>
		<row a="3270" b="Fixed-Bit-Length Numeric String" c="14.5.2" d="6" e="20"></row>
		<row a="3271" b="Fixed-Bit-Length Numeric String" c="14.5.2" d="6" e="20"></row>
		<row a="3272" b="Fixed-Bit-Length Numeric String" c="14.5.2" d="6" e="20"></row>
		<row a="3273" b="Fixed-Bit-Length Numeric String" c="14.5.2" d="6" e="20"></row>
		<row a="3274" b="Fixed-Bit-Length Numeric String" c="14.5.2" d="6" e="20"></row>
		<row a="3275" b="Fixed-Bit-Length Numeric String" c="14.5.2" d="6" e="20"></row>
		<row a="3280" b="Fixed-Bit-Length Numeric String" c="14.5.2" d="6" e="20"></row>
		<row a="3281" b="Fixed-Bit-Length Numeric String" c="14.5.2" d="6" e="20"></row>
		<row a="3282" b="Fixed-Bit-Length Numeric String" c="14.5.2" d="6" e="20"></row>
		<row a="3283" b="Fixed-Bit-Length Numeric String" c="14.5.2" d="6" e="20"></row>
		<row a="3284" b="Fixed-Bit-Length Numeric String" c="14.5.2" d="6" e="20"></row>
		<row a="3285" b="Fixed-Bit-Length Numeric String" c="14.5.2" d="6" e="20"></row>
		<row a="3290" b="Fixed-Bit-Length Numeric String" c="14.5.2" d="6" e="20"></row>
		<row a="3291" b="Fixed-Bit-Length Numeric String" c="14.5.2" d="6" e="20"></row>
		<row a="3292" b="Fixed-Bit-Length Numeric String" c="14.5.2" d="6" e="20"></row>
		<row a="3293" b="Fixed-Bit-Length Numeric String" c="14.5.2" d="6" e="20"></row>
		<row a="3294" b="Fixed-Bit-Length Numeric String" c="14.5.2" d="6" e="20"></row>
		<row a="3295" b="Fixed-Bit-Length Numeric String" c="14.5.2" d="6" e="20"></row>
		<row a="3300" b="Fixed-Bit-Length Numeric String" c="14.5.2" d="6" e="20"></row>
		<row a="3301" b="Fixed-Bit-Length Numeric String" c="14.5.2" d="6" e="20"></row>
		<row a="3302" b="Fixed-Bit-Length Numeric String" c="14.5.2" d="6" e="20"></row>
		<row a="3303" b="Fixed-Bit-Length Numeric String" c="14.5.2" d="6" e="20"></row>
		<row a="3304" b="Fixed-Bit-Length Numeric String" c="14.5.2" d="6" e="20"></row>
		<row a="3305" b="Fixed-Bit-Length Numeric String" c="14.5.2" d="6" e="20"></row>
		<row a="3310" b="Fixed-Bit-Length Numeric String" c="14.5.2" d="6" e="20"></row>
		<row a="3311" b="Fixed-Bit-Length Numeric String" c="14.5.2" d="6" e="20"></row>
		<row a="3312" b="Fixed-Bit-Length Numeric String" c="14.5.2" d="6" e="20"></row>
		<row a="3313" b="Fixed-Bit-Length Numeric String" c="14.5.2" d="6" e="20"></row>
		<row a="3314" b="Fixed-Bit-Length Numeric String" c="14.5.2" d="6" e="20"></row>
		<row a="3315" b="Fixed-Bit-Length Numeric String" c="14.5.2" d="6" e="20"></row>
		<row a="3320" b="Fixed-Bit-Length Numeric String" c="14.5.2" d="6" e="20"></row>
		<row a="3321" b="Fixed-Bit-Length Numeric String" c="14.5.2" d="6" e="20"></row>
		<row a="3322" b="Fixed-Bit-Length Numeric String" c="14.5.2" d="6" e="20"></row>
		<row a="3323" b="Fixed-Bit-Length Numeric String" c="14.5.2" d="6" e="20"></row>
		<row a="3324" b="Fixed-Bit-Length Numeric String" c="14.5.2" d="6" e="20"></row>
		<row a="3325" b="Fixed-Bit-Length Numeric String" c="14.5.2" d="6" e="20"></row>
		<row a="3330" b="Fixed-Bit-Length Numeric String" c="14.5.2" d="6" e="20"></row>
		<row a="3331" b="Fixed-Bit-Length Numeric String" c="14.5.2" d="6" e="20"></row>
		<row a="3332" b="Fixed-Bit-Length Numeric String" c="14.5.2" d="6" e="20"></row>
		<row a="3333" b="Fixed-Bit-Length Numeric String" c="14.5.2" d="6" e="20"></row>
		<row a="3334" b="Fixed-Bit-Length Numeric String" c="14.5.2" d="6" e="20"></row>
		<row a="3335" b="Fixed-Bit-Length Numeric String" c="14.5.2" d="6" e="20"></row>
		<row a="3340" b="Fixed-Bit-Length Numeric String" c="14.5.2" d="6" e="20"></row>
		<row a="3341" b="Fixed-Bit-Length Numeric String" c="14.5.2" d="6" e="20"></row>
		<row a="3342" b="Fixed-Bit-Length Numeric String" c="14.5.2" d="6" e="20"></row>
		<row a="3343" b="Fixed-Bit-Length Numeric String" c="14.5.2" d="6" e="20"></row>
		<row a="3344" b="Fixed-Bit-Length Numeric String" c="14.5.2" d="6" e="20"></row>
		<row a="3345" b="Fixed-Bit-Length Numeric String" c="14.5.2" d="6" e="20"></row>
		<row a="3350" b="Fixed-Bit-Length Numeric String" c="14.5.2" d="6" e="20"></row>
		<row a="3351" b="Fixed-Bit-Length Numeric String" c="14.5.2" d="6" e="20"></row>
		<row a="3352" b="Fixed-Bit-Length Numeric String" c="14.5.2" d="6" e="20"></row>
		<row a="3353" b="Fixed-Bit-Length Numeric String" c="14.5.2" d="6" e="20"></row>
		<row a="3354" b="Fixed-Bit-Length Numeric String" c="14.5.2" d="6" e="20"></row>
		<row a="3355" b="Fixed-Bit-Length Numeric String" c="14.5.2" d="6" e="20"></row>
		<row a="3360" b="Fixed-Bit-Length Numeric String" c="14.5.2" d="6" e="20"></row>
		<row a="3361" b="Fixed-Bit-Length Numeric String" c="14.5.2" d="6" e="20"></row>
		<row a="3362" b="Fixed-Bit-Length Numeric String" c="14.5.2" d="6" e="20"></row>
		<row a="3363" b="Fixed-Bit-Length Numeric String" c="14.5.2" d="6" e="20"></row>
		<row a="3364" b="Fixed-Bit-Length Numeric String" c="14.5.2" d="6" e="20"></row>
		<row a="3365" b="Fixed-Bit-Length Numeric String" c="14.5.2" d="6" e="20"></row>
		<row a="3370" b="Fixed-Bit-Length Numeric String" c="14.5.2" d="6" e="20"></row>
		<row a="3371" b="Fixed-Bit-Length Numeric String" c="14.5.2" d="6" e="20"></row>
		<row a="3372" b="Fixed-Bit-Length Numeric String" c="14.5.2" d="6" e="20"></row>
		<row a="3373" b="Fixed-Bit-Length Numeric String" c="14.5.2" d="6" e="20"></row>
		<row a="3374" b="Fixed-Bit-Length Numeric String" c="14.5.2" d="6" e="20"></row>
		<row a="3375" b="Fixed-Bit-Length Numeric String" c="14.5.2" d="6" e="20"></row>
		<row a="3400" b="Fixed-Bit-Length Numeric String" c="14.5.2" d="6" e="20"></row>
		<row a="3401" b="Fixed-Bit-Length Numeric String" c="14.5.2" d="6" e="20"></row>
		<row a="3402" b="Fixed-Bit-Length Numeric String" c="14.5.2" d="6" e="20"></row>
		<row a="3403" b="Fixed-Bit-Length Numeric String" c="14.5.2" d="6" e="20"></row>
		<row a="3404" b="Fixed-Bit-Length Numeric String" c="14.5.2" d="6" e="20"></row>
		<row a="3405" b="Fixed-Bit-Length Numeric String" c="14.5.2" d="6" e="20"></row>
		<row a="3410" b="Fixed-Bit-Length Numeric String" c="14.5.2" d="6" e="20"></row>
		<row a="3411" b="Fixed-Bit-Length Numeric String" c="14.5.2" d="6" e="20"></row>
		<row a="3412" b="Fixed-Bit-Length Numeric String" c="14.5.2" d="6" e="20"></row>
		<row a="3413" b="Fixed-Bit-Length Numeric String" c="14.5.2" d="6" e="20"></row>
		<row a="3414" b="Fixed-Bit-Length Numeric String" c="14.5.2" d="6" e="20"></row>
		<row a="3415" b="Fixed-Bit-Length Numeric String" c="14.5.2" d="6" e="20"></row>
		<row a="3420" b="Fixed-Bit-Length Numeric String" c="14.5.2" d="6" e="20"></row>
		<row a="3421" b="Fixed-Bit-Length Numeric String" c="14.5.2" d="6" e="20"></row>
		<row a="3422" b="Fixed-Bit-Length Numeric String" c="14.5.2" d="6" e="20"></row>
		<row a="3423" b="Fixed-Bit-Length Numeric String" c="14.5.2" d="6" e="20"></row>
		<row a="3424" b="Fixed-Bit-Length Numeric String" c="14.5.2" d="6" e="20"></row>
		<row a="3425" b="Fixed-Bit-Length Numeric String" c="14.5.2" d="6" e="20"></row>
		<row a="3430" b="Fixed-Bit-Length Numeric String" c="14.5.2" d="6" e="20"></row>
		<row a="3431" b="Fixed-Bit-Length Numeric String" c="14.5.2" d="6" e="20"></row>
		<row a="3432" b="Fixed-Bit-Length Numeric String" c="14.5.2" d="6" e="20"></row>
		<row a="3433" b="Fixed-Bit-Length Numeric String" c="14.5.2" d="6" e="20"></row>
		<row a="3434" b="Fixed-Bit-Length Numeric String" c="14.5.2" d="6" e="20"></row>
		<row a="3435" b="Fixed-Bit-Length Numeric String" c="14.5.2" d="6" e="20"></row>
		<row a="3440" b="Fixed-Bit-Length Numeric String" c="14.5.2" d="6" e="20"></row>
		<row a="3441" b="Fixed-Bit-Length Numeric String" c="14.5.2" d="6" e="20"></row>
		<row a="3442" b="Fixed-Bit-Length Numeric String" c="14.5.2" d="6" e="20"></row>
		<row a="3443" b="Fixed-Bit-Length Numeric String" c="14.5.2" d="6" e="20"></row>
		<row a="3444" b="Fixed-Bit-Length Numeric String" c="14.5.2" d="6" e="20"></row>
		<row a="3445" b="Fixed-Bit-Length Numeric String" c="14.5.2" d="6" e="20"></row>
		<row a="3450" b="Fixed-Bit-Length Numeric String" c="14.5.2" d="6" e="20"></row>
		<row a="3451" b="Fixed-Bit-Length Numeric String" c="14.5.2" d="6" e="20"></row>
		<row a="3452" b="Fixed-Bit-Length Numeric String" c="14.5.2" d="6" e="20"></row>
		<row a="3453" b="Fixed-Bit-Length Numeric String" c="14.5.2" d="6" e="20"></row>
		<row a="3454" b="Fixed-Bit-Length Numeric String" c="14.5.2" d="6" e="20"></row>
		<row a="3455" b="Fixed-Bit-Length Numeric String" c="14.5.2" d="6" e="20"></row>
		<row a="3460" b="Fixed-Bit-Length Numeric String" c="14.5.2" d="6" e="20"></row>
		<row a="3461" b="Fixed-Bit-Length Numeric String" c="14.5.2" d="6" e="20"></row>
		<row a="3462" b="Fixed-Bit-Length Numeric String" c="14.5.2" d="6" e="20"></row>
		<row a="3463" b="Fixed-Bit-Length Numeric String" c="14.5.2" d="6" e="20"></row>
		<row a="3464" b="Fixed-Bit-Length Numeric String" c="14.5.2" d="6" e="20"></row>
		<row a="3465" b="Fixed-Bit-Length Numeric String" c="14.5.2" d="6" e="20"></row>
		<row a="3470" b="Fixed-Bit-Length Numeric String" c="14.5.2" d="6" e="20"></row>
		<row a="3471" b="Fixed-Bit-Length Numeric String" c="14.5.2" d="6" e="20"></row>
		<row a="3472" b="Fixed-Bit-Length Numeric String" c="14.5.2" d="6" e="20"></row>
		<row a="3473" b="Fixed-Bit-Length Numeric String" c="14.5.2" d="6" e="20"></row>
		<row a="3474" b="Fixed-Bit-Length Numeric String" c="14.5.2" d="6" e="20"></row>
		<row a="3475" b="Fixed-Bit-Length Numeric String" c="14.5.2" d="6" e="20"></row>
		<row a="3480" b="Fixed-Bit-Length Numeric String" c="14.5.2" d="6" e="20"></row>
		<row a="3481" b="Fixed-Bit-Length Numeric String" c="14.5.2" d="6" e="20"></row>
		<row a="3482" b="Fixed-Bit-Length Numeric String" c="14.5.2" d="6" e="20"></row>
		<row a="3483" b="Fixed-Bit-Length Numeric String" c="14.5.2" d="6" e="20"></row>
		<row a="3484" b="Fixed-Bit-Length Numeric String" c="14.5.2" d="6" e="20"></row>
		<row a="3485" b="Fixed-Bit-Length Numeric String" c="14.5.2" d="6" e="20"></row>
		<row a="3490" b="Fixed-Bit-Length Numeric String" c="14.5.2" d="6" e="20"></row>
		<row a="3491" b="Fixed-Bit-Length Numeric String" c="14.5.2" d="6" e="20"></row>
		<row a="3492" b="Fixed-Bit-Length Numeric String" c="14.5.2" d="6" e="20"></row>
		<row a="3493" b="Fixed-Bit-Length Numeric String" c="14.5.2" d="6" e="20"></row>
		<row a="3494" b="Fixed-Bit-Length Numeric String" c="14.5.2" d="6" e="20"></row>
		<row a="3495" b="Fixed-Bit-Length Numeric String" c="14.5.2" d="6" e="20"></row>
		<row a="3500" b="Fixed-Bit-Length Numeric String" c="14.5.2" d="6" e="20"></row>
		<row a="3501" b="Fixed-Bit-Length Numeric String" c="14.5.2" d="6" e="20"></row>
		<row a="3502" b="Fixed-Bit-Length Numeric String" c="14.5.2" d="6" e="20"></row>
		<row a="3503" b="Fixed-Bit-Length Numeric String" c="14.5.2" d="6" e="20"></row>
		<row a="3504" b="Fixed-Bit-Length Numeric String" c="14.5.2" d="6" e="20"></row>
		<row a="3505" b="Fixed-Bit-Length Numeric String" c="14.5.2" d="6" e="20"></row>
		<row a="3510" b="Fixed-Bit-Length Numeric String" c="14.5.2" d="6" e="20"></row>
		<row a="3511" b="Fixed-Bit-Length Numeric String" c="14.5.2" d="6" e="20"></row>
		<row a="3512" b="Fixed-Bit-Length Numeric String" c="14.5.2" d="6" e="20"></row>
		<row a="3513" b="Fixed-Bit-Length Numeric String" c="14.5.2" d="6" e="20"></row>
		<row a="3514" b="Fixed-Bit-Length Numeric String" c="14.5.2" d="6" e="20"></row>
		<row a="3515" b="Fixed-Bit-Length Numeric String" c="14.5.2" d="6" e="20"></row>
		<row a="3520" b="Fixed-Bit-Length Numeric String" c="14.5.2" d="6" e="20"></row>
		<row a="3521" b="Fixed-Bit-Length Numeric String" c="14.5.2" d="6" e="20"></row>
		<row a="3522" b="Fixed-Bit-Length Numeric String" c="14.5.2" d="6" e="20"></row>
		<row a="3523" b="Fixed-Bit-Length Numeric String" c="14.5.2" d="6" e="20"></row>
		<row a="3524" b="Fixed-Bit-Length Numeric String" c="14.5.2" d="6" e="20"></row>
		<row a="3525" b="Fixed-Bit-Length Numeric String" c="14.5.2" d="6" e="20"></row>
		<row a="3530" b="Fixed-Bit-Length Numeric String" c="14.5.2" d="6" e="20"></row>
		<row a="3531" b="Fixed-Bit-Length Numeric String" c="14.5.2" d="6" e="20"></row>
		<row a="3532" b="Fixed-Bit-Length Numeric String" c="14.5.2" d="6" e="20"></row>
		<row a="3533" b="Fixed-Bit-Length Numeric String" c="14.5.2" d="6" e="20"></row>
		<row a="3534" b="Fixed-Bit-Length Numeric String" c="14.5.2" d="6" e="20"></row>
		<row a="3535" b="Fixed-Bit-Length Numeric String" c="14.5.2" d="6" e="20"></row>
		<row a="3540" b="Fixed-Bit-Length Numeric String" c="14.5.2" d="6" e="20"></row>
		<row a="3541" b="Fixed-Bit-Length Numeric String" c="14.5.2" d="6" e="20"></row>
		<row a="3542" b="Fixed-Bit-Length Numeric String" c="14.5.2" d="6" e="20"></row>
		<row a="3543" b="Fixed-Bit-Length Numeric String" c="14.5.2" d="6" e="20"></row>
		<row a="3544" b="Fixed-Bit-Length Numeric String" c="14.5.2" d="6" e="20"></row>
		<row a="3545" b="Fixed-Bit-Length Numeric String" c="14.5.2" d="6" e="20"></row>
		<row a="3550" b="Fixed-Bit-Length Numeric String" c="14.5.2" d="6" e="20"></row>
		<row a="3551" b="Fixed-Bit-Length Numeric String" c="14.5.2" d="6" e="20"></row>
		<row a="3552" b="Fixed-Bit-Length Numeric String" c="14.5.2" d="6" e="20"></row>
		<row a="3553" b="Fixed-Bit-Length Numeric String" c="14.5.2" d="6" e="20"></row>
		<row a="3554" b="Fixed-Bit-Length Numeric String" c="14.5.2" d="6" e="20"></row>
		<row a="3555" b="Fixed-Bit-Length Numeric String" c="14.5.2" d="6" e="20"></row>
		<row a="3560" b="Fixed-Bit-Length Numeric String" c="14.5.2" d="6" e="20"></row>
		<row a="3561" b="Fixed-Bit-Length Numeric String" c="14.5.2" d="6" e="20"></row>
		<row a="3562" b="Fixed-Bit-Length Numeric String" c="14.5.2" d="6" e="20"></row>
		<row a="3563" b="Fixed-Bit-Length Numeric String" c="14.5.2" d="6" e="20"></row>
		<row a="3564" b="Fixed-Bit-Length Numeric String" c="14.5.2" d="6" e="20"></row>
		<row a="3565" b="Fixed-Bit-Length Numeric String" c="14.5.2" d="6" e="20"></row>
		<row a="3570" b="Fixed-Bit-Length Numeric String" c="14.5.2" d="6" e="20"></row>
		<row a="3571" b="Fixed-Bit-Length Numeric String" c="14.5.2" d="6" e="20"></row>
		<row a="3572" b="Fixed-Bit-Length Numeric String" c="14.5.2" d="6" e="20"></row>
		<row a="3573" b="Fixed-Bit-Length Numeric String" c="14.5.2" d="6" e="20"></row>
		<row a="3574" b="Fixed-Bit-Length Numeric String" c="14.5.2" d="6" e="20"></row>
		<row a="3575" b="Fixed-Bit-Length Numeric String" c="14.5.2" d="6" e="20"></row>
		<row a="3600" b="Fixed-Bit-Length Numeric String" c="14.5.2" d="6" e="20"></row>
		<row a="3601" b="Fixed-Bit-Length Numeric String" c="14.5.2" d="6" e="20"></row>
		<row a="3602" b="Fixed-Bit-Length Numeric String" c="14.5.2" d="6" e="20"></row>
		<row a="3603" b="Fixed-Bit-Length Numeric String" c="14.5.2" d="6" e="20"></row>
		<row a="3604" b="Fixed-Bit-Length Numeric String" c="14.5.2" d="6" e="20"></row>
		<row a="3605" b="Fixed-Bit-Length Numeric String" c="14.5.2" d="6" e="20"></row>
		<row a="3610" b="Fixed-Bit-Length Numeric String" c="14.5.2" d="6" e="20"></row>
		<row a="3611" b="Fixed-Bit-Length Numeric String" c="14.5.2" d="6" e="20"></row>
		<row a="3612" b="Fixed-Bit-Length Numeric String" c="14.5.2" d="6" e="20"></row>
		<row a="3613" b="Fixed-Bit-Length Numeric String" c="14.5.2" d="6" e="20"></row>
		<row a="3614" b="Fixed-Bit-Length Numeric String" c="14.5.2" d="6" e="20"></row>
		<row a="3615" b="Fixed-Bit-Length Numeric String" c="14.5.2" d="6" e="20"></row>
		<row a="3620" b="Fixed-Bit-Length Numeric String" c="14.5.2" d="6" e="20"></row>
		<row a="3621" b="Fixed-Bit-Length Numeric String" c="14.5.2" d="6" e="20"></row>
		<row a="3622" b="Fixed-Bit-Length Numeric String" c="14.5.2" d="6" e="20"></row>
		<row a="3623" b="Fixed-Bit-Length Numeric String" c="14.5.2" d="6" e="20"></row>
		<row a="3624" b="Fixed-Bit-Length Numeric String" c="14.5.2" d="6" e="20"></row>
		<row a="3625" b="Fixed-Bit-Length Numeric String" c="14.5.2" d="6" e="20"></row>
		<row a="3630" b="Fixed-Bit-Length Numeric String" c="14.5.2" d="6" e="20"></row>
		<row a="3631" b="Fixed-Bit-Length Numeric String" c="14.5.2" d="6" e="20"></row>
		<row a="3632" b="Fixed-Bit-Length Numeric String" c="14.5.2" d="6" e="20"></row>
		<row a="3633" b="Fixed-Bit-Length Numeric String" c="14.5.2" d="6" e="20"></row>
		<row a="3634" b="Fixed-Bit-Length Numeric String" c="14.5.2" d="6" e="20"></row>
		<row a="3635" b="Fixed-Bit-Length Numeric String" c="14.5.2" d="6" e="20"></row>
		<row a="3640" b="Fixed-Bit-Length Numeric String" c="14.5.2" d="6" e="20"></row>
		<row a="3641" b="Fixed-Bit-Length Numeric String" c="14.5.2" d="6" e="20"></row>
		<row a="3642" b="Fixed-Bit-Length Numeric String" c="14.5.2" d="6" e="20"></row>
		<row a="3643" b="Fixed-Bit-Length Numeric String" c="14.5.2" d="6" e="20"></row>
		<row a="3644" b="Fixed-Bit-Length Numeric String" c="14.5.2" d="6" e="20"></row>
		<row a="3645" b="Fixed-Bit-Length Numeric String" c="14.5.2" d="6" e="20"></row>
		<row a="3650" b="Fixed-Bit-Length Numeric String" c="14.5.2" d="6" e="20"></row>
		<row a="3651" b="Fixed-Bit-Length Numeric String" c="14.5.2" d="6" e="20"></row>
		<row a="3652" b="Fixed-Bit-Length Numeric String" c="14.5.2" d="6" e="20"></row>
		<row a="3653" b="Fixed-Bit-Length Numeric String" c="14.5.2" d="6" e="20"></row>
		<row a="3654" b="Fixed-Bit-Length Numeric String" c="14.5.2" d="6" e="20"></row>
		<row a="3655" b="Fixed-Bit-Length Numeric String" c="14.5.2" d="6" e="20"></row>
		<row a="3660" b="Fixed-Bit-Length Numeric String" c="14.5.2" d="6" e="20"></row>
		<row a="3661" b="Fixed-Bit-Length Numeric String" c="14.5.2" d="6" e="20"></row>
		<row a="3662" b="Fixed-Bit-Length Numeric String" c="14.5.2" d="6" e="20"></row>
		<row a="3663" b="Fixed-Bit-Length Numeric String" c="14.5.2" d="6" e="20"></row>
		<row a="3664" b="Fixed-Bit-Length Numeric String" c="14.5.2" d="6" e="20"></row>
		<row a="3665" b="Fixed-Bit-Length Numeric String" c="14.5.2" d="6" e="20"></row>
		<row a="3670" b="Fixed-Bit-Length Numeric String" c="14.5.2" d="6" e="20"></row>
		<row a="3671" b="Fixed-Bit-Length Numeric String" c="14.5.2" d="6" e="20"></row>
		<row a="3672" b="Fixed-Bit-Length Numeric String" c="14.5.2" d="6" e="20"></row>
		<row a="3673" b="Fixed-Bit-Length Numeric String" c="14.5.2" d="6" e="20"></row>
		<row a="3674" b="Fixed-Bit-Length Numeric String" c="14.5.2" d="6" e="20"></row>
		<row a="3675" b="Fixed-Bit-Length Numeric String" c="14.5.2" d="6" e="20"></row>
		<row a="3680" b="Fixed-Bit-Length Numeric String" c="14.5.2" d="6" e="20"></row>
		<row a="3681" b="Fixed-Bit-Length Numeric String" c="14.5.2" d="6" e="20"></row>
		<row a="3682" b="Fixed-Bit-Length Numeric String" c="14.5.2" d="6" e="20"></row>
		<row a="3683" b="Fixed-Bit-Length Numeric String" c="14.5.2" d="6" e="20"></row>
		<row a="3684" b="Fixed-Bit-Length Numeric String" c="14.5.2" d="6" e="20"></row>
		<row a="3685" b="Fixed-Bit-Length Numeric String" c="14.5.2" d="6" e="20"></row>
		<row a="3690" b="Fixed-Bit-Length Numeric String" c="14.5.2" d="6" e="20"></row>
		<row a="3691" b="Fixed-Bit-Length Numeric String" c="14.5.2" d="6" e="20"></row>
		<row a="3692" b="Fixed-Bit-Length Numeric String" c="14.5.2" d="6" e="20"></row>
		<row a="3693" b="Fixed-Bit-Length Numeric String" c="14.5.2" d="6" e="20"></row>
		<row a="3694" b="Fixed-Bit-Length Numeric String" c="14.5.2" d="6" e="20"></row>
		<row a="3695" b="Fixed-Bit-Length Numeric String" c="14.5.2" d="6" e="20"></row>
		<row a="37" b="Variable-length numeric string without encoding indicator" c="14.5.13" g="4" h="8"></row>
		<row a="3900" b="Variable-length numeric string without encoding indicator" c="14.5.13" g="4" h="15"></row>
		<row a="3901" b="Variable-length numeric string without encoding indicator" c="14.5.13" g="4" h="15"></row>
		<row a="3902" b="Variable-length numeric string without encoding indicator" c="14.5.13" g="4" h="15"></row>
		<row a="3903" b="Variable-length numeric string without encoding indicator" c="14.5.13" g="4" h="15"></row>
		<row a="3904" b="Variable-length numeric string without encoding indicator" c="14.5.13" g="4" h="15"></row>
		<row a="3905" b="Variable-length numeric string without encoding indicator" c="14.5.13" g="4" h="15"></row>
		<row a="3906" b="Variable-length numeric string without encoding indicator" c="14.5.13" g="4" h="15"></row>
		<row a="3907" b="Variable-length numeric string without encoding indicator" c="14.5.13" g="4" h="15"></row>
		<row a="3908" b="Variable-length numeric string without encoding indicator" c="14.5.13" g="4" h="15"></row>
		<row a="3909" b="Variable-length numeric string without encoding indicator" c="14.5.13" g="4" h="15"></row>
		<row a="3910" b="Fixed-Bit-Length Numeric String" c="14.5.2" d="3" e="10" i="Variable-length numeric string without encoding indicator" j="14.5.13" n="4" o="15"></row>
		<row a="3911" b="Fixed-Bit-Length Numeric String" c="14.5.2" d="3" e="10" i="Variable-length numeric string without encoding indicator" j="14.5.13" n="4" o="15"></row>
		<row a="3912" b="Fixed-Bit-Length Numeric String" c="14.5.2" d="3" e="10" i="Variable-length numeric string without encoding indicator" j="14.5.13" n="4" o="15"></row>
		<row a="3913" b="Fixed-Bit-Length Numeric String" c="14.5.2" d="3" e="10" i="Variable-length numeric string without encoding indicator" j="14.5.13" n="4" o="15"></row>
		<row a="3914" b="Fixed-Bit-Length Numeric String" c="14.5.2" d="3" e="10" i="Variable-length numeric string without encoding indicator" j="14.5.13" n="4" o="15"></row>
		<row a="3915" b="Fixed-Bit-Length Numeric String" c="14.5.2" d="3" e="10" i="Variable-length numeric string without encoding indicator" j="14.5.13" n="4" o="15"></row>
		<row a="3916" b="Fixed-Bit-Length Numeric String" c="14.5.2" d="3" e="10" i="Variable-length numeric string without encoding indicator" j="14.5.13" n="4" o="15"></row>
		<row a="3917" b="Fixed-Bit-Length Numeric String" c="14.5.2" d="3" e="10" i="Variable-length numeric string without encoding indicator" j="14.5.13" n="4" o="15"></row>
		<row a="3918" b="Fixed-Bit-Length Numeric String" c="14.5.2" d="3" e="10" i="Variable-length numeric string without encoding indicator" j="14.5.13" n="4" o="15"></row>
		<row a="3919" b="Fixed-Bit-Length Numeric String" c="14.5.2" d="3" e="10" i="Variable-length numeric string without encoding indicator" j="14.5.13" n="4" o="15"></row>
		<row a="3920" b="Variable-length numeric string without encoding indicator" c="14.5.13" g="4" h="15"></row>
		<row a="3921" b="Variable-length numeric string without encoding indicator" c="14.5.13" g="4" h="15"></row>
		<row a="3922" b="Variable-length numeric string without encoding indicator" c="14.5.13" g="4" h="15"></row>
		<row a="3923" b="Variable-length numeric string without encoding indicator" c="14.5.13" g="4" h="15"></row>
		<row a="3924" b="Variable-length numeric string without encoding indicator" c="14.5.13" g="4" h="15"></row>
		<row a="3925" b="Variable-length numeric string without encoding indicator" c="14.5.13" g="4" h="15"></row>
		<row a="3926" b="Variable-length numeric string without encoding indicator" c="14.5.13" g="4" h="15"></row>
		<row a="3927" b="Variable-length numeric string without encoding indicator" c="14.5.13" g="4" h="15"></row>
		<row a="3928" b="Variable-length numeric string without encoding indicator" c="14.5.13" g="4" h="15"></row>
		<row a="3929" b="Variable-length numeric string without encoding indicator" c="14.5.13" g="4" h="15"></row>
		<row a="3930" b="Fixed-Bit-Length Numeric String" c="14.5.2" d="3" e="10" i="Variable-length numeric string without encoding indicator" j="14.5.13" n="4" o="15"></row>
		<row a="3931" b="Fixed-Bit-Length Numeric String" c="14.5.2" d="3" e="10" i="Variable-length numeric string without encoding indicator" j="14.5.13" n="4" o="15"></row>
		<row a="3932" b="Fixed-Bit-Length Numeric String" c="14.5.2" d="3" e="10" i="Variable-length numeric string without encoding indicator" j="14.5.13" n="4" o="15"></row>
		<row a="3933" b="Fixed-Bit-Length Numeric String" c="14.5.2" d="3" e="10" i="Variable-length numeric string without encoding indicator" j="14.5.13" n="4" o="15"></row>
		<row a="3934" b="Fixed-Bit-Length Numeric String" c="14.5.2" d="3" e="10" i="Variable-length numeric string without encoding indicator" j="14.5.13" n="4" o="15"></row>
		<row a="3935" b="Fixed-Bit-Length Numeric String" c="14.5.2" d="3" e="10" i="Variable-length numeric string without encoding indicator" j="14.5.13" n="4" o="15"></row>
		<row a="3936" b="Fixed-Bit-Length Numeric String" c="14.5.2" d="3" e="10" i="Variable-length numeric string without encoding indicator" j="14.5.13" n="4" o="15"></row>
		<row a="3937" b="Fixed-Bit-Length Numeric String" c="14.5.2" d="3" e="10" i="Variable-length numeric string without encoding indicator" j="14.5.13" n="4" o="15"></row>
		<row a="3938" b="Fixed-Bit-Length Numeric String" c="14.5.2" d="3" e="10" i="Variable-length numeric string without encoding indicator" j="14.5.13" n="4" o="15"></row>
		<row a="3939" b="Fixed-Bit-Length Numeric String" c="14.5.2" d="3" e="10" i="Variable-length numeric string without encoding indicator" j="14.5.13" n="4" o="15"></row>
		<row a="3940" b="Fixed-Bit-Length Numeric String" c="14.5.2" d="4" e="14"></row>
		<row a="3941" b="Fixed-Bit-Length Numeric String" c="14.5.2" d="4" e="14"></row>
		<row a="3942" b="Fixed-Bit-Length Numeric String" c="14.5.2" d="4" e="14"></row>
		<row a="3943" b="Fixed-Bit-Length Numeric String" c="14.5.2" d="4" e="14"></row>
		<row a="3950" b="Fixed-Bit-Length Numeric String" c="14.5.2" d="6" e="20"></row>
		<row a="3951" b="Fixed-Bit-Length Numeric String" c="14.5.2" d="6" e="20"></row>
		<row a="3952" b="Fixed-Bit-Length Numeric String" c="14.5.2" d="6" e="20"></row>
		<row a="3953" b="Fixed-Bit-Length Numeric String" c="14.5.2" d="6" e="20"></row>
		<row a="400" b="Variable-length alphanumeric" c="14.5.6" f="3" g="5" h="30"></row>
		<row a="401" b="Variable-length alphanumeric" c="14.5.6" f="3" g="5" h="30"></row>
		<row a="402" b="Fixed-Bit-Length Numeric String" c="14.5.2" d="17" e="57"></row>
		<row a="403" b="Variable-length alphanumeric" c="14.5.6" f="3" g="5" h="30"></row>
		<row a="410" b="Fixed-length numeric" c="14.5.4" d="13" e="52"></row>
		<row a="411" b="Fixed-length numeric" c="14.5.4" d="13" e="52"></row>
		<row a="412" b="Fixed-length numeric" c="14.5.4" d="13" e="52"></row>
		<row a="413" b="Fixed-length numeric" c="14.5.4" d="13" e="52"></row>
		<row a="414" b="Fixed-length numeric" c="14.5.4" d="13" e="52"></row>
		<row a="415" b="Fixed-length numeric" c="14.5.4" d="13" e="52"></row>
		<row a="416" b="Fixed-length numeric" c="14.5.4" d="13" e="52"></row>
		<row a="417" b="Fixed-length numeric" c="14.5.4" d="13" e="52"></row>
		<row a="420" b="Variable-length alphanumeric" c="14.5.6" f="3" g="5" h="20"></row>
		<row a="421" b="Fixed-Bit-Length Numeric String" c="14.5.2" d="3" e="10" i="Variable-length alphanumeric" j="14.5.6" m="3" n="4" o="9"></row>
		<row a="422" b="Fixed-Bit-Length Numeric String" c="14.5.2" d="3" e="10"></row>
		<row a="423" b="Variable-length numeric string without encoding indicator" c="14.5.13" g="4" h="15"></row>
		<row a="424" b="Fixed-Bit-Length Numeric String" c="14.5.2" d="3" e="10"></row>
		<row a="425" b="Variable-length numeric string without encoding indicator" c="14.5.13" g="4" h="15"></row>
		<row a="426" b="Fixed-Bit-Length Numeric String" c="14.5.2" d="3" e="10"></row>
		<row a="427" b="Variable-length alphanumeric" c="14.5.6" f="3" g="2" h="3"></row>
		<row a="4300" b="Variable-length alphanumeric" c="14.5.6" f="3" g="6" h="35"></row>
		<row a="4301" b="Variable-length alphanumeric" c="14.5.6" f="3" g="6" h="35"></row>
		<row a="4302" b="Variable-length alphanumeric" c="14.5.6" f="3" g="7" h="70"></row>
		<row a="4303" b="Variable-length alphanumeric" c="14.5.6" f="3" g="7" h="70"></row>
		<row a="4304" b="Variable-length alphanumeric" c="14.5.6" f="3" g="7" h="70"></row>
		<row a="4305" b="Variable-length alphanumeric" c="14.5.6" f="3" g="7" h="70"></row>
		<row a="4306" b="Variable-length alphanumeric" c="14.5.6" f="3" g="7" h="70"></row>
		<row a="4307" b="Country code (ISO 3166-1 alpha-2)" c="14.5.12" d="2" e="12"></row>
		<row a="4308" b="Variable-length alphanumeric" c="14.5.6" f="3" g="5" h="30"></row>
		<row a="4309" b="Fixed-Bit-Length Numeric String" c="14.5.2" d="20" e="67"></row>
		<row a="4310" b="Variable-length alphanumeric" c="14.5.6" f="3" g="6" h="35"></row>
		<row a="4311" b="Variable-length alphanumeric" c="14.5.6" f="3" g="6" h="35"></row>
		<row a="4312" b="Variable-length alphanumeric" c="14.5.6" f="3" g="7" h="70"></row>
		<row a="4313" b="Variable-length alphanumeric" c="14.5.6" f="3" g="7" h="70"></row>
		<row a="4314" b="Variable-length alphanumeric" c="14.5.6" f="3" g="7" h="70"></row>
		<row a="4315" b="Variable-length alphanumeric" c="14.5.6" f="3" g="7" h="70"></row>
		<row a="4316" b="Variable-length alphanumeric" c="14.5.6" f="3" g="7" h="70"></row>
		<row a="4317" b="Country code (ISO 3166-1 alpha-2)" c="14.5.12" d="2" e="12"></row>
		<row a="4318" b="Variable-length alphanumeric" c="14.5.6" f="3" g="5" h="20"></row>
		<row a="4319" b="Variable-length alphanumeric" c="14.5.6" f="3" g="5" h="30"></row>
		<row a="4320" b="Variable-length alphanumeric" c="14.5.6" f="3" g="6" h="35"></row>
		<row a="4321" b="Single data bit" c="14.5.7" d="1" e="1"></row>
		<row a="4322" b="Single data bit" c="14.5.7" d="1" e="1"></row>
		<row a="4323" b="Single data bit" c="14.5.7" d="1" e="1"></row>
		<row a="4324" b="10-digit date+time YYMMDDhhmm" c="14.5.9" d="10" e="27"></row>
		<row a="4325" b="10-digit date+time YYMMDDhhmm" c="14.5.9" d="10" e="27"></row>
		<row a="4326" b="6-digit date YYMMDD" c="14.5.8" d="6" e="16"></row>
		<row a="4330" b="Fixed-Bit-Length Numeric String" c="14.5.2" d="6" e="20" i="Optional minus sign in 1 bit" j="14.5.14" l="1" o="1"></row>
		<row a="4331" b="Fixed-Bit-Length Numeric String" c="14.5.2" d="6" e="20" i="Optional minus sign in 1 bit" j="14.5.14" l="1" o="1"></row>
		<row a="4332" b="Fixed-Bit-Length Numeric String" c="14.5.2" d="6" e="20" i="Optional minus sign in 1 bit" j="14.5.14" l="1" o="1"></row>
		<row a="4333" b="Fixed-Bit-Length Numeric String" c="14.5.2" d="6" e="20" i="Optional minus sign in 1 bit" j="14.5.14" l="1" o="1"></row>
		<row a="7001" b="Fixed-Bit-Length Numeric String" c="14.5.2" d="13" e="44"></row>
		<row a="7002" b="Variable-length alphanumeric" c="14.5.6" f="3" g="5" h="30"></row>
		<row a="7003" b="10-digit date+time YYMMDDhhmm" c="14.5.9" d="10" e="27"></row>
		<row a="7004" b="Variable-length numeric string without encoding indicator" c="14.5.13" g="3" h="4"></row>
		<row a="7005" b="Variable-length alphanumeric" c="14.5.6" f="3" g="4" h="12"></row>
		<row a="7006" b="6-digit date YYMMDD" c="14.5.8" d="6" e="16"></row>
		<row a="7007" b="Variable-format date / date range" c="14.5.10"></row>
		<row a="7008" b="Variable-length alphanumeric" c="14.5.6" f="3" g="2" h="3"></row>
		<row a="7009" b="Variable-length alphanumeric" c="14.5.6" f="3" g="4" h="10"></row>
		<row a="7010" b="Variable-length alphanumeric" c="14.5.6" f="3" g="2" h="2"></row>
		<row a="7011" b="Variable-precision date+time" c="14.5.11"></row>
		<row a="7020" b="Variable-length alphanumeric" c="14.5.6" f="3" g="5" h="20"></row>
		<row a="7021" b="Variable-length alphanumeric" c="14.5.6" f="3" g="5" h="20"></row>
		<row a="7022" b="Variable-length alphanumeric" c="14.5.6" f="3" g="5" h="20"></row>
		<row a="7023" b="Delimited/terminated numeric" c="14.5.5" f="3" g="5" h="30"></row>
		<row a="7030" b="Fixed-Bit-Length Numeric String" c="14.5.2" d="3" e="10" i="Variable-length alphanumeric" j="14.5.6" m="3" n="5" o="27"></row>
		<row a="7031" b="Fixed-Bit-Length Numeric String" c="14.5.2" d="3" e="10" i="Variable-length alphanumeric" j="14.5.6" m="3" n="5" o="27"></row>
		<row a="7032" b="Fixed-Bit-Length Numeric String" c="14.5.2" d="3" e="10" i="Variable-length alphanumeric" j="14.5.6" m="3" n="5" o="27"></row>
		<row a="7033" b="Fixed-Bit-Length Numeric String" c="14.5.2" d="3" e="10" i="Variable-length alphanumeric" j="14.5.6" m="3" n="5" o="27"></row>
		<row a="7034" b="Fixed-Bit-Length Numeric String" c="14.5.2" d="3" e="10" i="Variable-length alphanumeric" j="14.5.6" m="3" n="5" o="27"></row>
		<row a="7035" b="Fixed-Bit-Length Numeric String" c="14.5.2" d="3" e="10" i="Variable-length alphanumeric" j="14.5.6" m="3" n="5" o="27"></row>
		<row a="7036" b="Fixed-Bit-Length Numeric String" c="14.5.2" d="3" e="10" i="Variable-length alphanumeric" j="14.5.6" m="3" n="5" o="27"></row>
		<row a="7037" b="Fixed-Bit-Length Numeric String" c="14.5.2" d="3" e="10" i="Variable-length alphanumeric" j="14.5.6" m="3" n="5" o="27"></row>
		<row a="7038" b="Fixed-Bit-Length Numeric String" c="14.5.2" d="3" e="10" i="Variable-length alphanumeric" j="14.5.6" m="3" n="5" o="27"></row>
		<row a="7039" b="Fixed-Bit-Length Numeric String" c="14.5.2" d="3" e="10" i="Variable-length alphanumeric" j="14.5.6" m="3" n="5" o="27"></row>
		<row a="7040" b="Variable-length alphanumeric" c="14.5.6" f="3" g="3" h="4"></row>
		<row a="7041" b="Variable-length alphanumeric" c="14.5.6" f="3" g="3" h="4"></row>
		<row a="710" b="Variable-length alphanumeric" c="14.5.6" f="3" g="5" h="20"></row>
		<row a="711" b="Variable-length alphanumeric" c="14.5.6" f="3" g="5" h="20"></row>
		<row a="712" b="Variable-length alphanumeric" c="14.5.6" f="3" g="5" h="20"></row>
		<row a="713" b="Variable-length alphanumeric" c="14.5.6" f="3" g="5" h="20"></row>
		<row a="714" b="Variable-length alphanumeric" c="14.5.6" f="3" g="5" h="20"></row>
		<row a="715" b="Variable-length alphanumeric" c="14.5.6" f="3" g="5" h="20"></row>
		<row a="716" b="Variable-length alphanumeric" c="14.5.6" f="3" g="5" h="20"></row>
		<row a="7230" b="Variable-length alphanumeric" c="14.5.6" f="3" g="5" h="30"></row>
		<row a="7231" b="Variable-length alphanumeric" c="14.5.6" f="3" g="5" h="30"></row>
		<row a="7232" b="Variable-length alphanumeric" c="14.5.6" f="3" g="5" h="30"></row>
		<row a="7233" b="Variable-length alphanumeric" c="14.5.6" f="3" g="5" h="30"></row>
		<row a="7234" b="Variable-length alphanumeric" c="14.5.6" f="3" g="5" h="30"></row>
		<row a="7235" b="Variable-length alphanumeric" c="14.5.6" f="3" g="5" h="30"></row>
		<row a="7236" b="Variable-length alphanumeric" c="14.5.6" f="3" g="5" h="30"></row>
		<row a="7237" b="Variable-length alphanumeric" c="14.5.6" f="3" g="5" h="30"></row>
		<row a="7238" b="Variable-length alphanumeric" c="14.5.6" f="3" g="5" h="30"></row>
		<row a="7239" b="Variable-length alphanumeric" c="14.5.6" f="3" g="5" h="30"></row>
		<row a="7240" b="Variable-length alphanumeric" c="14.5.6" f="3" g="5" h="20"></row>
		<row a="7241" b="Fixed-length numeric" c="14.5.4" d="2" e="8"></row>
		<row a="7242" b="Variable-length alphanumeric" c="14.5.6" f="3" g="5" h="25"></row>
		<row a="7250" b="Fixed-Bit-Length Numeric String" c="14.5.2" d="8" e="27"></row>
		<row a="7251" b="Fixed-Bit-Length Numeric String" c="14.5.2" d="12" e="40"></row>
		<row a="7252" b="Fixed-Bit-Length Numeric String" c="14.5.2" d="1" e="4"></row>
		<row a="7253" b="Variable-length alphanumeric" c="14.5.6" f="3" g="6" h="40"></row>
		<row a="7254" b="Variable-length alphanumeric" c="14.5.6" f="3" g="6" h="40"></row>
		<row a="7255" b="Variable-length alphanumeric" c="14.5.6" f="3" g="4" h="10"></row>
		<row a="7256" b="Variable-length alphanumeric" c="14.5.6" f="3" g="7" h="90"></row>
		<row a="7257" b="Variable-length alphanumeric" c="14.5.6" f="3" g="7" h="70"></row>
		<row a="7258" b="Sequence indicator" c="14.5.15" d="3" e="8"></row>
		<row a="7259" b="Variable-length alphanumeric" c="14.5.6" f="3" g="6" h="40"></row>
		<row a="8001" b="Fixed-Bit-Length Numeric String" c="14.5.2" d="14" e="47"></row>
		<row a="8002" b="Variable-length alphanumeric" c="14.5.6" f="3" g="5" h="20"></row>
		<row a="8003" b="Fixed-length numeric" c="14.5.4" d="14" e="56" i="Variable-length alphanumeric" j="14.5.6" m="3" n="5" o="16"></row>
		<row a="8004" b="Delimited/terminated numeric" c="14.5.5" f="3" g="5" h="30"></row>
		<row a="8005" b="Fixed-Bit-Length Numeric String" c="14.5.2" d="6" e="20"></row>
		<row a="8006" b="Fixed-length numeric" c="14.5.4" d="18" e="72"></row>
		<row a="8007" b="Variable-length alphanumeric" c="14.5.6" f="3" g="5" h="24"></row>
		<row a="8008" b="Variable-precision date+time" c="14.5.11"></row>
		<row a="8009" b="Variable-length alphanumeric" c="14.5.6" f="3" g="6" h="50"></row>
		<row a="8010" b="Delimited/terminated numeric" c="14.5.5" f="3" g="5" h="30"></row>
		<row a="8011" b="Variable-length numeric string without encoding indicator" c="14.5.13" g="4" h="12"></row>
		<row a="8012" b="Variable-length alphanumeric" c="14.5.6" f="3" g="5" h="20"></row>
		<row a="8013" b="Variable-length alphanumeric" c="14.5.6" f="3" g="5" h="25"></row>
		<row a="8017" b="Fixed-length numeric" c="14.5.4" d="18" e="72"></row>
		<row a="8018" b="Fixed-length numeric" c="14.5.4" d="18" e="72"></row>
		<row a="8019" b="Variable-length numeric string without encoding indicator" c="14.5.13" g="4" h="10"></row>
		<row a="8020" b="Variable-length alphanumeric" c="14.5.6" f="3" g="5" h="25"></row>
		<row a="8026" b="Fixed-length numeric" c="14.5.4" d="18" e="72"></row>
		<row a="8030" b="Variable-length alphanumeric" c="14.5.6" f="3" g="7" h="90"></row>
		<row a="8110" b="Variable-length alphanumeric" c="14.5.6" f="3" g="7" h="70"></row>
		<row a="8111" b="Fixed-Bit-Length Numeric String" c="14.5.2" d="4" e="14"></row>
		<row a="8112" b="Variable-length alphanumeric" c="14.5.6" f="3" g="7" h="70"></row>
		<row a="8200" b="Variable-length alphanumeric" c="14.5.6" f="3" g="7" h="70"></row>
		<row a="90" b="Variable-length alphanumeric" c="14.5.6" f="3" g="5" h="30"></row>
		<row a="91" b="Variable-length alphanumeric" c="14.5.6" f="3" g="7" h="90"></row>
		<row a="92" b="Variable-length alphanumeric" c="14.5.6" f="3" g="7" h="90"></row>
		<row a="93" b="Variable-length alphanumeric" c="14.5.6" f="3" g="7" h="90"></row>
		<row a="94" b="Variable-length alphanumeric" c="14.5.6" f="3" g="7" h="90"></row>
		<row a="95" b="Variable-length alphanumeric" c="14.5.6" f="3" g="7" h="90"></row>
		<row a="96" b="Variable-length alphanumeric" c="14.5.6" f="3" g="7" h="90"></row>
		<row a="97" b="Variable-length alphanumeric" c="14.5.6" f="3" g="7" h="90"></row>
		<row a="98" b="Variable-length alphanumeric" c="14.5.6" f="3" g="7" h="90"></row>
		<row a="99" b="Variable-length alphanumeric" c="14.5.6" f="3" g="7" h="90"></row>
	</rows>
</table>
